ADB,"Adnan Menderes Airport railway station, İzmir, Turkey","Gare ferrovaire de l'aéroport Adnan Menderes, İzmir, Turquie",Adnan Menderes Airport railway,Gare ferrovaire de l'aéroport Adnan Menderes,İzmir,İzmir,,Turkey,http://en.wikipedia.org/wiki/Adnan_Menderes_Airport_railway_station,http://tools.wmflabs.org/geohack/geohack.php?pagename=Adnan_Menderes_Airport_railway_station&params=38.29250_N_27.14756_E_,38.2925,27.14756,A
AMS,"Schiphol railway station on the Weesp-Leiden line near Amsterdam, Netherlands. High speed trains (Thalys) to Brussels and Paris using HSL-Zuid stop here as well","Gare de Schiphol, Amsterdam, Pays bas",Schiphol railway station,Gare de Schiphol,Amsterdam,Amsterdam,,Netherlands,http://en.wikipedia.org/wiki/Schiphol_railway_station,http://tools.wmflabs.org/geohack/geohack.php?pagename=Schiphol_railway_station&params=52_18_32_N_4_45_42_E_type:railwaystation_region:NL,52.308889,4.761667,A
ARN,"Stockholm-Arlanda Airport railway station, Sweden (walking distance from the airport)","Gare ferrovaire de l'aéroport Stockholm-Arlanda, Stockholm, Suède",Stockholm-Arlanda Airport railway station,Gare ferrovaire de l'aéroport Stockholm-Arlanda,Stockholm,Stockholm,,Sweden,http://en.wikipedia.org/wiki/Arlanda_Central_Station,http://tools.wmflabs.org/geohack/geohack.php?pagename=Arlanda_Central_Station&params=59.64959_N_17.92912_E_,59.64959,17.92912,A
BHX,"Birmingham International railway station, United Kingdom (600 m or 2,000 ft by rail from the airport)","Gare de Birmingham International, Birmingham, Angleterre (à 600 m de l'aéroport)",Birmingham International railway station,Gare internationale de Birmingham,Birmingham,Birmingham,,United Kingdom,http://en.wikipedia.org/wiki/Birmingham_International_railway_station,http://tools.wmflabs.org/geohack/geohack.php?pagename=Birmingham_International_railway_station&params=52.451_N_-1.725_E_type:railwaystation_region:GB_scale:10000,52.451,-1.725,A
BNJ,"Bonn Hauptbahnhof, Sankt Augustin, Germany (at Bonn-Hangelar Airport (ICAO: EDKB))","Gare ferrovaire de l'aéroport de Bonn-Hangelar, Sankt Augustin, Allemagne",Bonn Hauptbahnhof,Gare ferrovaire de l'aéroport de Bonn-Hangelar,Sankt Augustin,Sankt Augustin,,Germany,http://en.wikipedia.org/wiki/Sankt_Augustin,http://tools.wmflabs.org/geohack/geohack.php?pagename=Sankt_Augustin&params=50_46_12_N_7_11_12_E_type:city(54285)_region:DE-NW,50.77,7.186667
XER,"Strasbourg Railway station, Strasbourg, France","Gare de Strasbourg, Strasbourg, Alsace, France",Gare de Strasbourg,Gare de Strasbourg,Strasbourg,Strasbourg,Alsace,France,http://fr.wikipedia.org/wiki/Gare_de_Strasbourg-Ville,http://tools.wmflabs.org/geohack/geohack.php?pagename=Gare_de_Strasbourg&params=48_35_06_N_7_44_04_E_type:railwaystation_region:FR-A_dim:25_source:dewiki,48.585,7.734444
BOO,"Bodø Station, Bodø, Norway (5 km from airport)","Gare de Bodø, Bodø, Norvège (à 5 km de l'aéroport)",Bodø Station,Gare de Bodø,Bodø,Bodø,,Norway,http://en.wikipedia.org/wiki/Bod%C3%B8_Station,http://tools.wmflabs.org/geohack/geohack.php?pagename=Bod%C3%B8_Station&params=67_17_11.000_N_14_23_29.130_E_type:railwaystation_region:NO,67.286389,14.391425,A
BRS,"Bristol railway station, United Kingdom (13 km or 8.1 mi from airport)","Gare de Bristol, Bristol, Angleterre (à 13 km de l'aéroport)",Bristol railway station,Gare de Bristol,Bristol,Bristol,,United Kingdom,http://en.wikipedia.org/wiki/Bristol_Temple_Meads_railway_station,http://tools.wmflabs.org/geohack/geohack.php?pagename=Bristol_Temple_Meads_railway_station&params=51.449_N_-2.580_E_type:railwaystation_region:GB_scale:10000,51.449,-2.58,A
BRU,"Brussels National Airport railway station, Belgium","Gare de Bruxelles-National-Aéroport, Bruxelles, Belgique",Brussels National Airport railway station,Gare de Bruxelles-National-Aéroport,Brussels,Bruxelles,,Belgium,http://en.wikipedia.org/wiki/Brussels_National_Airport_railway_station,http://tools.wmflabs.org/geohack/geohack.php?pagename=Brussels_National_Airport_railway_station&params=50_53_50_N_4_29_05_E_region:BE_type:railwaystation,50.897222,4.484722,A
CBG,"Cambridge railway station, United Kingdom","Gare de Cambridge, Cambridge, United Kingdom",Cambridge railway station,Gare de Cambridge,Cambridge,Cambridge,England,United Kingdom,http://en.wikipedia.org/wiki/Cambridge_railway_station,http://tools.wmflabs.org/geohack/geohack.php?pagename=Cambridge_railway_station&params=52.194_N_0.138_E_type:railwaystation_region:GB_scale:10000,52.194,0.138,A
CDG,"Charles de Gaulle Airport Railway station (at Terminal 2), Paris-Roissy, France (LGV Interconnexion Est (high-speed line) with TGV/Thalys services)","Aéroport Charles de Gaulle 2 – TGV Roissy, Paris, France (LGV Interconnexion Est (high-speed line) with TGV/Thalys services)",Charles de Gaulle Airport Railway station,Gare ferrovaire de l'aéroport Charles de Gaulle - Roissy,Paris,Paris,Île de France,France,http://en.wikipedia.org/wiki/A%C3%A9roport_Charles_de_Gaulle_2_TGV,http://tools.wmflabs.org/geohack/geohack.php?pagename=A%C3%A9roport_Charles_de_Gaulle_2_TGV&params=49_00_14_N_2_34_16_E_type:railwaystation_region:FR-J,49.003889,2.571111,A
CGN,"Bahnhof Köln/Bonn Flughafen, Germany (walking distance from the airport). The ICE trains stop here as well","Gare ferrovaire de l'aéroport de Cologne/Bonn, Cologne, Allemagne",Cologne/Bonn Airport Railway station,Gare ferrovaire de l'aéroport de Cologne/Bonn,Köln,Cologne,,Germany,http://en.wikipedia.org/wiki/Cologne/Bonn_Airport_station,http://tools.wmflabs.org/geohack/geohack.php?pagename=Cologne%2FBonn_Airport_station&params=50_52_44_N_7_7_10_E_region:DE-NW_type:railwaystation,50.878889,7.119444,A
CPH,"Copenhagen Airport, Kastrup Station, Denmark (underneath airport T3)","Gare ferrovaire de l'aéroport de Copenhague-Kastrup, (sous les pistes de l'aérogare N°3) Copenhague, Danemark","Copenhagen Airport, Kastrup Station",Gare ferrovaire de l'aéroport de Copenhague-Kastrup,Copenhagen,Copenhague,,Denmark,http://en.wikipedia.org/wiki/Copenhagen_Airport,http://tools.wmflabs.org/geohack/geohack.php?pagename=Copenhagen_Airport&params=55_37_05_N_012_39_22_E_type:airport_region:DK,55.618056,12.656111,A
DUS,"Düsseldorf Flughafen Fernbahnhof, Germany on the Cologne–Duisburg Railway line (SkyTrain people mover)","Gare ferrovaire de l'aéroport de Düsseldorf, Düsseldorf, Allemagne",Düsseldorf Flughafen Railsway station,Gare ferrovaire de l'aéroport de Düsseldorf,Düsseldorf,Düsseldorf,,Germany,http://en.wikipedia.org/wiki/D%C3%BCsseldorf_Airport_station,http://tools.wmflabs.org/geohack/geohack.php?pagename=D%C3%BCsseldorf_Airport_station&params=51_17_30_N_6_47_11_E_region:DE-NW_type:railwaystation,51.291667,6.786389,A
DYN,"Danyang Railway Station, China (on the Shanghai–Nanjing Intercity Railway line)","Gare de Danyang, Danyang, Chine",Danyang Railway Station,Gare de Danyang,Danyang,Danyang,,China,http://en.wikipedia.org/wiki/Danyang_Railway_Station,http://tools.wmflabs.org/geohack/geohack.php?pagename=Danyang_Railway_Station&params=32_0_12_N_119_35_15_E_region:CN-32_type:railwaystation,32.003333,119.5875
EEP,"Pamplona Railway Station, Pamplona, Spain","Gare de Pampelune, Pampelune, Espagne",Pamplona Railway Station,Gare de Pampelune,Pamplona,Pampelune,Navarre,Spain,,https://tools.wmflabs.org/geohack/geohack.php?pagename=Pamplona_Railway_Station&params=42_49_28_N_1_39_40_W_region:ES_type:railwaystation,42.824624,-1.661218
EWR,"Newark Liberty International Airport Railway station (NJT station), New Jersey, USA (8 km or 5.0 mi from the airport via monorail)","Gare ferrovaire de l'aéroport international de Newark-Liberty, New York, Etats Unis (à 8 km de l'aéroport - via monorail)",Newark Liberty International Airport (NJT station),Gare ferrovaire de l'aéroport international de Newark-Liberty,New York,New York,New Jersey,USA,http://en.wikipedia.org/wiki/Newark_Liberty_International_Airport_%28NJT_station%29,http://tools.wmflabs.org/geohack/geohack.php?pagename=Newark_Liberty_International_Airport_%28NJT_station%29&params=40.7044_N_-74.1907_E_type:railwaystation_region:US-NJ,40.7044,-74.1907,A
FRA,"Frankfurt (Main) Flughafen Fernbahnhof (in Frankfurt am Main), Germany on the Cologne-Frankfurt high-speed rail line (walking distance from the airport)","Gare de Francfort-sur-le-Main, Francfort-sur-le-Main, Allemagne (à distance de marche de l'aéroport)",Frankfurt am Main Flughafen Fernbahnhof,Gare de Francfort-sur-le-Main,Frankfurt am Main,Francfort-sur-le-Main,,Germany,http://en.wikipedia.org/wiki/Frankfurt_Airport_long-distance_station,http://tools.wmflabs.org/geohack/geohack.php?pagename=Frankfurt_Airport_long-distance_station&params=50_03_10_N_8_34_12_E_region:DE-HE_type:railwaystation,50.052778,8.57,A
FVS,"Finland Station in Saint Petersburg, Russia","Gare de Finlande, Saint Perterbourg, Russie",Finland Station,Gare de Finlande,Saint Petersburg,Saint-Pétersbourg,,Russia,http://en.wikipedia.org/wiki/Finland_Station,http://tools.wmflabs.org/geohack/geohack.php?pagename=Finland_Station&params=59_57_20_N_30_21_24_E_region:RU_type:railwaystation,59.955556,30.356667
GVA,"Cornavin Airport Railway station, Geneva, Switzerland (underneath Geneva airport)","Gare de Cornavin, Geneve (sous l'aéroport de Genève), Suisse",Cornavin Railway station,Gare de Cornavin,Geneva,Geneve,,Switzerland,http://en.wikipedia.org/wiki/Gen%C3%A8ve-Cornavin_railway_station,http://tools.wmflabs.org/geohack/geohack.php?pagename=Gen%C3%A8ve-Cornavin_railway_station&params=46_12_37_N_6_08_33_E_region:CH-GE_type:railwaystation_source:GNS-enwiki,46.210278,6.1425,A
HEC,"Helsinki Central railway station, Helsinki, Finland","Gare centrale d'Helsinki, Helsinki, Finlande",Helsinki Central railway station,Gare centrale d'Helsinki,Helsinki,Helsinki,,Finland,http://en.wikipedia.org/wiki/Helsinki_Central_railway_station,http://tools.wmflabs.org/geohack/geohack.php?pagename=Helsinki_Central_railway_station&params=60_10_19_N_24_56_29_E_type:railwaystation_region:FI,60.171944,24.941389
HVT,"Tikkurila railway station, Helsinki, Finland","Gare de Tikkurila, Helsinki, Finlande",Tikkurila railway station,Gare de Tikkurila,Helsinki,Helsinki,,Finland,http://en.wikipedia.org/wiki/Helsinki_Central_railway_station,http://tools.wmflabs.org/geohack/geohack.php?pagename=Helsinki_Central_railway_station&params=60_10_19_N_24_56_29_E_type:railwaystation_region:FI,60.171944,24.941389
JKG,"Jönköping central railway station, Jönköping, Sweden (11 km from the airport)","Gare centrale de Jönköping, Jönköping, Suède(à 11 km de l'aéroport)",Jönköping railway station,Gare de Jönköping,Jönköping,Jönköping,,Sweden,,https://tools.wmflabs.org/geohack/geohack.php?pagename=Jönköping_railway_station&params=57_47_4_N_14_9_47_E_type:railwaystation_region:SE,57.784706,14.163322,A
KLR,"Kalmar railway station, Kalmar, Sweden (6 km from the airport)","Gare de Kalmar, Kalmar, Suède (à 6km de l'aéroport)",Kalmar central railway station,Gare de Kalmar central,Kalmar,Kalmar,,Sweden,,https://tools.wmflabs.org/geohack/geohack.php?pagename=Kalmar_central_railway_station&params=56_39_40_N_16_21_36_E_type:railwaystation_region:SE,56.6613601,16.3601002,A
KSD,"Karlstad central railway station, Karlstad, Sweden (17 km from the airport)","Gare de Karlstad, Karlstad, Suède (à 17 km de l'aéroport)",Karlstad central railway station,Gare centrale de Karlstad,Karlstad,Karlstad,,Sweden,,https://tools.wmflabs.org/geohack/geohack.php?pagename=Karlstad_central_railway_station&params=59_22_41_N_13_29_56_E_E_type:railwaystation_region:SE,59.378102,13.498992,A
KVN,"Kunshan South Railway Station, Kunshan City, Jiangsu, China","Kunshan South Railway Station, Kunshan City, Jiangsu, China",Kunshan South Railway Station,Gare de Karlstad,Kunshan City,Kunshan City,Jiangsu,China,http://en.wikipedia.org/wiki/Kunshan_South_Railway_Station,http://tools.wmflabs.org/geohack/geohack.php?pagename=Kunshan_South_Railway_Station&params=31_21_18_N_120_56_47_E_region:CN-32_type:railwaystation,31.355,120.946389
LEJ,"Leipzig/Halle Airport railway station, Germany (walking distance from the airport)","Gare ferrovaire de l'aéroport de Leipzig/Halle, Schkeuditz, Allemagne",Leipzig/Halle Airport railway station,Gare ferrovaire de l'aéroport de Leipzig/Halle,Schkeuditz,Schkeuditz,,Germany,http://en.wikipedia.org/wiki/Leipzig/Halle_Airport_station,http://tools.wmflabs.org/geohack/geohack.php?pagename=Leipzig%2FHalle_Airport_station&params=51_25_24_N_12_13_21_E_,51.423333,12.2225,A
LHR,"London Heathrow railway stations (Central, T1,2,3, T4 tube, T4 rail, T5 -- all inside London Heathrow Airport perimeter), London, United Kingdom","Gares de l'aéroport de Londres-Heathrow, Londres, Angleterre",London Heathrow railway stations,Gares de l'aéroport de Londres Heathrow,London,Londres,England,United Kingdom,http://en.wikipedia.org/wiki/Heathrow_Central_railway_station,http://tools.wmflabs.org/geohack/geohack.php?pagename=Heathrow_Central_railway_station&params=51.471_N_-0.454_E_type:railwaystation_region:GB,51.471,-0.454,A
LGW,"Gatwick Airport railway station, London, United Kingdom","Gare de l'aéroport de Londres Gatwick, Londres, Angleterre",Gatwick Airport railway station,Gare de l'aéroport de Londres Gatwick,London,Londres,England,United Kingdom,http://en.wikipedia.org/wiki/Gatwick_Airport_railway_station,http://tools.wmflabs.org/geohack/geohack.php?pagename=Gatwick_Airport_railway_station&params=51.1565_N_-0.1609_E_type:railwaystation_region:GB-ENG,51.1565,-0.1609,A
LPI,"Linköping central railway station, Sweden (3 km from the airport)","Gare centrale de Linköping, Linköping, Sweden (à 3 km de l'aéroport)",Linköping central railway station,Gare centrale de Linköping,Linköping,Linköping,,Sweden,http://en.wikipedia.org/wiki/Link%C3%B6ping_Central_Station,http://tools.wmflabs.org/geohack/geohack.php?pagename=Link%C3%B6ping_Central_Station&params=58_24_58_N_15_37_36_E_type:railwaystation_region:SE,58.416111,15.626667,A
LPL,"Liverpool Lime Street railway station, Liverpool, United Kingdom","Gare de Liverpool Lime Street, Liverpool, Royaume uni",Gare de Liverpool Lime Street,Gare de Liverpool Lime Street,Liverpool,Liverpool,,United Kingdom,http://en.wikipedia.org/wiki/Liverpool_Lime_Street_railway_station,https://tools.wmflabs.org/geohack/geohack.php?pagename=Liverpool_Lime_Street_railway_station&params=53_24_26_N_2_58_39_W_type:railwaystation_region:GB-ENG,53.4073416,-2.9777013,A
LYS,"Gare de Lyon-Saint-Exupéry TGV, Lyon, France",Gare de Lyon-Saint-Exupéry TGV,Lyon-Saint-Exupéry Railway station,Gare de Lyon-Saint-Exupéry,Lyon,Lyon,Rhône Alpes,France,http://fr.wikipedia.org/wiki/Gare_de_Lyon-Saint-Exup%C3%A9ry_TGV,http://tools.wmflabs.org/geohack/geohack.php?language=en&pagename=Gare_de_Lyon-Saint-Exup%C3%A9ry_TGV&params=45.7209522567_N_5.07594108581_E_type:railwaystation_region:FR-V,45.720952,5.075941,A
MAN,"Manchester Airport railway station, Manchester, England, United Kingdom","Gare ferrovaire de l'aéroport de Manchester, Manchester, England, United Kingdom",Manchester Airport railway station,Gare ferrovaire de l'aéroport de Manchester,Manchester,Manchester,England,United Kingdom,http://en.wikipedia.org/wiki/Manchester_Airport_station,https://tools.wmflabs.org/geohack/geohack.php?pagename=Manchester_Airport_railway_station&params=53_21_54_N_2_16_23_W_type:airport_region:GB-MAN,53.3651999,-2.2731117,A
MHG,"Mannheim Hauptbahnhof, Mannheim, Germany","Mannheim Hauptbahnhof, Mannheim, Germany",Mannheim Hauptbahnhof,Gare centrale de Mannheim,Mannheim,Mannheim,Baden-Württemberg,Germany,http://en.wikipedia.org/wiki/Mannheim_Hauptbahnhof,http://tools.wmflabs.org/geohack/geohack.php?pagename=Mannheim_Hauptbahnhof&params=49_28_47_N_8_28_11_E_region:DE-BW_type:railwaystation_source:dewiki,49.479722,8.469722,A
NCL,"Newcastle railway station, Newcastle, England, United Kingdom","Newcastle railway station, Newcastle, England, United Kingdom",Newcastle railway station,Gare de Newcastle,Newcastle,Newcastle,England,United Kingdom,http://en.wikipedia.org/wiki/Newcastle_railway_station,http://tools.wmflabs.org/geohack/geohack.php?pagename=Newcastle_railway_station&params=54.9686_N_-1.6171_E_type:railwaystation_region:GB,54.9686,-1.6171,A
NKJ,"Nanjing South Railway Station, Nanjing, Jiangsu, China","Gare de Nanjing South, Nanjing, Jiangsu, Chine",Nanjing South Railway Station,Gare de Nanjing sud,Nanjing,Nanjing,Jiangsu,China,http://en.wikipedia.org/wiki/Nanjing_South_Railway_Station,http://tools.wmflabs.org/geohack/geohack.php?pagename=Nanjing_South_Railway_Station&params=31_58_14_N_118_47_33_E_region:CN-32_type:railwaystation,31.970556,118.7925
OSD,"Östersund Central Station, Östersund, Sweden (9 km from the airport)","Gare centrale de Östersund, Östersund, Suède (à 9 km de l'aéroport)",Östersund Central Station,Gare centrale de Östersund,Östersund,Östersund,,Sweden,http://en.wikipedia.org/wiki/%C3%96stersund_Central_Station,http://tools.wmflabs.org/geohack/geohack.php?pagename=%C3%96stersund_Central_Station&params=63_10_13_N_14_38_16_E_region:CN-32_type:railwaystation_region:SE,63.1705425,14.637898,A
OSL,"Oslo Airport Station, Oslo, Norway (walking distance from the airport)","Gare ferrovaire de l'aéroport d'Oslo, Oslo, Norvège (à distance de marche de l'aéroport)",Oslo Airport Station,Gare ferrovaire de l'aéroport d'Oslo,Oslo,Oslo,,Norway,http://en.wikipedia.org/wiki/Oslo_Airport_Station,http://tools.wmflabs.org/geohack/geohack.php?pagename=Oslo_Airport_Station&params=60_11_38_N_11_06_02_E_type:airport_region:SJ,60.193889,11.100556,A
PIK,"Glasgow Prestwick Airport railway station, Scotland, United Kingdom","Gare ferrovaire de l'aéroport de Glasgow-Prestwick, Glasgow, Ecosse, Royaume Uni",Prestwick Airport railway station,Gare ferrovaire de l'aéroport de Prestwick,Glasgow,Glasgow,Scotland,United Kingdom,http://en.wikipedia.org/wiki/Glasgow_Prestwick_Airport_railway_station,http://tools.wmflabs.org/geohack/geohack.php?pagename=Glasgow_Prestwick_Airport_railway_station&params=55.5090_N_-4.6141_E_type:railwaystation_region:GB-SCT,55.509,-4.6141,A
QDH,"Ashford International railway station, Ashford, Kent, United Kingdom","Gare d'Ashford International, Kent, Angleterre",Ashford International railway station,Gare d'Ashford International,Ashford,Ashford,Angleterre,United Kingdom,http://en.wikipedia.org/wiki/Ashford_International_railway_station,http://tools.wmflabs.org/geohack/geohack.php?pagename=Ashford_International_railway_station&params=51.1436_N_0.87448_E_type:railwaystation_region:GB,51.1436,0.87448
QDU,"Düsseldorf Hauptbahnhof, Düsseldorf, Germany","Gare centrale de Düsseldorf, Allemagne",Düsseldorf Hauptbahnhof,Gare centrale de Düsseldorf,Düsseldorf,Düsseldorf,North Rhine-Westphalia,Germany,http://en.wikipedia.org/wiki/D%C3%BCsseldorf_Hauptbahnhof,http://tools.wmflabs.org/geohack/geohack.php?pagename=D%C3%BCsseldorf_Hauptbahnhof&params=51_13_13_N_6_47_34_E_region:DE-NW_type:railwaystation,51.220278,6.792778
QFB,"Freiburg Hauptbahnhof, Freiburg, Germany","Gare centrale de Fribourg, Allemagne",Freiburg Hauptbahnhof,Gare centrale de Fribourg,Freiburg,Fribourg-en-Brisgau,Baden-Württemberg,Germany,http://en.wikipedia.org/wiki/Freiburg_Hauptbahnhof,http://tools.wmflabs.org/geohack/geohack.php?pagename=Freiburg_Hauptbahnhof&params=47_59_52_N_7_50_31_E_region:DE-BW_type:railwaystation,47.997778,7.841944
QFV,"Bergen railway station, Norway","Gare de Bergen, Norvège",Bergen railway station,Gare de Bergen,Bergen,Bergen,,Norway,http://en.wikipedia.org/wiki/Bergen_Station,http://tools.wmflabs.org/geohack/geohack.php?pagename=Bergen_Station&params=60_23_25_N_5_19_59_E_type:railwaystation_region:NO,60.390278,5.333056
QJZ,"Nantes Railway station, France","Gare de Nantes, France",Nantes Railway station,Gare de Nantes,Nantes,Nantes,Pays de Loire,France,http://en.wikipedia.org/wiki/Gare_de_Nantes,http://tools.wmflabs.org/geohack/geohack.php?pagename=Gare_de_Nantes&params=47_13_0_N_1_32_30_W_type:railwaystation_region:FR,47.216667,-1.541667
QKL,"Köln Hauptbahnhof, Köln, Germany","Gare centrale de Cologne, Allemagne",Cologne central main station,Gare centrale de Cologne,Cologne,Cologne,,Germany,http://en.wikipedia.org/wiki/K%C3%B6ln_Hauptbahnhof,http://tools.wmflabs.org/geohack/geohack.php?pagename=K%C3%B6ln_Hauptbahnhof&params=50_56_33_N_6_57_29_E_region:DE-NW_type:railwaystation,50.9425,6.958056
QLJ,"Lucerne railway station, Lucerne, Switzerland","Gare de Lucerne, Lucerne, Suisse",Lucerne railway station,Gare de Lucerne,Lucerne,Lucerne,Lucerne,Switzerland,http://en.wikipedia.org/wiki/Lucerne_railway_station,http://tools.wmflabs.org/geohack/geohack.php?pagename=Lucerne_railway_station&params=47_2_56_N_8_18_38_E_region:CH-LU_type:railwaystation_source:dewiki,3.134,101.686
QLS,"Lausanne railway station, Lausanne, Switzerland","Gare de Lausanne, Lausanne, Suisse",Lauzanne Railway station,Gare de Lausanne,Lausanne,Lausanne,Vaud,Switzerland,http://en.wikipedia.org/wiki/Lausanne_railway_station,http://tools.wmflabs.org/geohack/geohack.php?pagename=Lausanne_railway_station&params=46_30_59_N_06_37_45_E_type:railwaystation_region:CH-VD,46.516389,6.629167
QPP,"Berlin Hauptbahnhof, Berlin, Germany","Gare centrale de Berlin, Berlin, Allemagne",Berlin Central station,Gare centrale de Berlin,Berlin,Berlin,Berlin,Germany,http://en.wikipedia.org/wiki/Berlin_Hauptbahnhof,http://tools.wmflabs.org/geohack/geohack.php?pagename=Berlin_Hauptbahnhof&params=52.52493_N_13.369181_E_region:DE-BE_type:railwaystation,52.52493,13.369181
QQK,"King's Cross railway station, London, United Kingdom","Gare de King's Cross, Londres, Angleterre, Royaume uni",King's Cross railway station,Gare de King's Cross,London,Londres,England,United Kingdom,http://en.wikipedia.org/wiki/London_King%27s_Cross_railway_station,http://tools.wmflabs.org/geohack/geohack.php?pagename=London_King%27s_Cross_railway_station&params=51.5309_N_-0.1233_E_type:railwaystation_region:GB-ENG,51.5309,-0.1233
QQM,"Manchester Piccadilly station, Manchester, United Kingdom","Gare de Manchester Piccadilly, Manchester, Angleterre, Royaume uni",Manchester Piccadilly station,Gare de Manchester Piccadilly,Manchester,Manchester,England,United Kingdom,http://en.wikipedia.org/wiki/Manchester_Piccadilly_station,http://tools.wmflabs.org/geohack/geohack.php?pagename=Manchester_Piccadilly_station&params=53.477_N_-2.230_E_type:railwaystation_region:GB-ENG,53.477,-2.23
QQN,"Birmingham New Street railway station, Birmingham, United Kingdom","Gare de Birmingham New Street, Birmingham, Angleterre, Royaume uni",Birmingham New Street railway station,Gare de Birmingham New Street,Birmingham,Birmingham,England,United Kingdom,http://en.wikipedia.org/wiki/Birmingham_New_Street_railway_station,http://tools.wmflabs.org/geohack/geohack.php?pagename=Birmingham_New_Street_railway_station&params=52.47777_N_-1.89885_E_type:railwaystation_region:GB-ENG_scale:10000,52.47777,-1.89885
QQP,"Paddington railway station, London, United Kingdom","Gare de Paddington, Londres, Angleterre, Royaume uni",Paddington railway station,Gare de Paddington,London,Londres,England,United Kingdom,http://en.wikipedia.org/wiki/London_Paddington_station,http://tools.wmflabs.org/geohack/geohack.php?pagename=London_Paddington_station&params=51.5173_N_-0.1774_E_type:railwaystation_region:GB-ENG,51.5173,-0.1774
QQS,"St Pancras railway station, London, United Kingdom","Gare de St Pancras, Londres, Angleterre, Royaume uni",St Pancras railway station,Gare de St Pancras,London,Londres,England,United Kingdom,http://en.wikipedia.org/wiki/St_Pancras_railway_station,http://tools.wmflabs.org/geohack/geohack.php?pagename=St_Pancras_railway_station&params=51.530_N_-0.125_E_type:railwaystation_region:GB-ENG,51.53,-0.125
QQU,"Euston railway station, London, United Kingdom","Gare de Euston, Londres, Angleterre, Royaume uni",Euston railway station,Gare de Euston,London,Londres,England,United Kingdom,http://en.wikipedia.org/wiki/Euston_railway_station,http://tools.wmflabs.org/geohack/geohack.php?pagename=Euston_railway_station&params=51.5284_N_-0.1331_E_type:railwaystation_region:GB-ENG,51.5284,-0.1331
QQW,"Waterloo station, London, United Kingdom","Gare de Waterloo, Londres, Angleterre, Royaume uni",Waterloo station,Gare de Waterloo,London,Londres,England,United Kingdom,http://en.wikipedia.org/wiki/London_Waterloo_station,http://tools.wmflabs.org/geohack/geohack.php?pagename=London_Waterloo_station&params=51.5031_N_-0.1132_E_type:railwaystation_region:GB-ENG,51.5031,-0.1132
QQY,"York railway station, York, Yorkshire, United Kingdom","Gare de York, York, Yorkshire, Angleterre, Royaume uni",York railway station,Gare de York,York,York,England,United Kingdom,http://en.wikipedia.org/wiki/York_railway_station,http://tools.wmflabs.org/geohack/geohack.php?pagename=York_railway_station&params=53.9583_N_-1.0930_E_type:railwaystation_region:GB-ENG_scale:10000,53.9583,-1.093
QRH,"Rotterdam Centraal railway station, Rotterdam, Netherlands","Gare de Rotterdam Central, Rotterdam, Pays-Bas",Rotterdam Centraal railway station,Gare de Rotterdam Central,Rotterdam,Rotterdam,,Netherlands,http://en.wikipedia.org/wiki/Rotterdam_Centraal_railway_station,http://tools.wmflabs.org/geohack/geohack.php?pagename=Rotterdam_Centraal_railway_station&params=51_55_28_N_4_28_10_E_type:railwaystation_region:NL,51.924444,4.469444
QXB,"Aix-en-Provence TGV railway station, Aix-en-Provence, France (same iata as Aix-les-milles airport)","Gare d'Aix-en-Provence TGV, Aix-en-Provence, France (même iata que l'aéroport d'Aix-les-milles)",Aix-en-Provence TGV railway station,Gare d'Aix-en-Provence TGV,Aix-en-Provence,Aix-en-Provence,Provence-Alpes-Côte d'Azur,France,http://en.wikipedia.org/wiki/Aix-en-Provence_TGV_railway_station,http://tools.wmflabs.org/geohack/geohack.php?pagename=Aix-en-Provence_TGV_railway_station&params=43_27_18_N_5_19_2_E_type:railwaystation_region:FR-U,43.455,5.317222,A
QXG,"Gare d'Angers-Saint-Laud, Saint-Laud, Angers, France","Gare d'Angers-Saint-Laud, Saint-Laud, Angers, France",Angers-Saint-Laud Railway station,Gare d'Angers-Saint-Laud,Angers,Angers,Pays de Loire,France,http://fr.wikipedia.org/wiki/Gare_d%27Angers-Saint-Laud,https://tools.wmflabs.org/geohack/geohack.php?pagename=Gare_d'Angers-Saint-Laud&params=47_27_53_N_0_33_22_W_type:railwaystation_region:FR-R,47.4647518,-0.5563559
QYG,collective code for all German railway stations,Code collectif pour toutes les gares d'Allemagne,collective code for all German railway stations,Code collectif pour toutes les gares d'Allemagne,,,,Germany,,,,
QYX,"Uppsala Central Station, Uppsala, Sweden","Gare d'Uppsala central, Uppsala, Suède",Uppsala Central Station,Gare d'Uppsala central,Uppsala,Uppsala,,Sweden,http://en.wikipedia.org/wiki/Uppsala_Central_Station,http://tools.wmflabs.org/geohack/geohack.php?pagename=Uppsala_Central_Station&params=59_51_31_N_17_38_46_E_region:SE_type:railwaystation,59.858611,17.646111
SEN,"Southend Airport railway station (SEN, ICAO: EGMC), London, United Kingdom","Gare de Southend-Airport, Londres, Angeterre, Royaume uni",London-Southend-Airport railway station,Gare de Londres Southend-Airport,London,Londres,England,United Kingdom,http://en.wikipedia.org/wiki/London_Southend_Airport,http://tools.wmflabs.org/geohack/geohack.php?pagename=London_Southend_Airport_Railway_Station&params=51_34_7_N_0_42_18_E_type:railwaystation_region:GB-ENG,51.568611,0.705,A
SOO,"Söderhamn railway station, Söderhamn, Sweden (same code as the old airport which has no scheduled flights anymore)","Gare de Söderhamn, Söderhamn, Suède",Söderhamn railway station,Gare de Söderhamn,Söderhamn,Söderhamn,,Sweden,,https://tools.wmflabs.org/geohack/geohack.php?pagename=Söderhamn_railway_station&params=61_17_58_N_17_2_5_E_type:railwaystation_region:SE,61.299444,17.034722,A
STN,"Stansted Airport railway station, London, United Kingdom (Stansted Express, underneath airport of same code)","Gare ferrovaire de l'aéroport de Stansted, Londres, Angleterre (sous l'aéroport du même nom et même code)",Stansted Airport railway station,Gare ferrovaire de l'aéroport de Stansted,London,Londres,England,United Kingdom,http://en.wikipedia.org/wiki/Stansted_Airport_railway_station,http://tools.wmflabs.org/geohack/geohack.php?pagename=Stansted_Airport_railway_station&params=51.889_N_0.261_E_type:railwaystation_region:GB-ENG,51.889,0.261,A
LCY,"London City Airport station (DLR), London, United Kingdom","Gare de l'aéroport de London-city (DLR), Londres, Angleterre",London City Airport station (DLR),Gare de l'aéroport de London-city (DLR),London,Londres,England,United Kingdom,http://fr.wikipedia.org/wiki/London_City_Airport_%28DLR%29,http://tools.wmflabs.org/geohack/geohack.php?language=en&pagename=London_City_Airport_%28DLR%29&params=51.503611_N_0.048889_E_type:railwaystation_region:GB-ENG,51.503611,0.048889,A
SWS,"Swansea railway station, Wales, United Kingdom","Gare de Swansea, Swansea, Pays de Gales, Royaume Uni",Swansea railway station,Gare de Swansea,Swansea,Swansea,Wales,United Kingdom,http://en.wikipedia.org/wiki/Swansea_railway_station,http://tools.wmflabs.org/geohack/geohack.php?pagename=Swansea_railway_station&params=51.6253_N_3.9409_W_type:railwaystation_region:GB-WLS,51.6253,-3.9409,A
THN,"Trollhättan railway station, Trollhättan, Sweden (6 kilometres (3.7 mi) from the airport)","Gare centrale de Trollhättan, Trollhättan, Suède (à 6km de l'aéroport)",Trollhättan railway station,Gare de Trollhättan,Trollhättan,Trollhättan,,Sweden ,,https://tools.wmflabs.org/geohack/geohack.php?pagename=Trollhättan_railway_station&params=58_17_15_N_12_17_57_E_type:railwaystation_region:SE,58.2875,12.299167,A
TRD,"Trondheim Airport Station, Stjørdal-Trondheim, Norway (walking distance from the airport)","Gare ferrovaire de l'aéroport de Trondheim Værnes, Trondheim, Norvège",Trondheim Værnes Airport Railway Station,Gare ferrovaire de l'aéroport de Trondheim Værnes,Trondheim,Trondheim,,Norway,http://en.wikipedia.org/wiki/Trondheim_Airport_Station,http://tools.wmflabs.org/geohack/geohack.php?pagename=Trondheim_Airport_Station&params=63.454384_N_10.913844_E_region:NO_type:railwaystation,63.454384,10.913844,A
TTK,"Tottenham Hale station, London, United Kingdom (no airport)","Gare de Tottenham Hale, Londres, Angleterre",Tottenham Hale station,Gare de Tottenham Hale,London,Londres,England,United Kingdom,http://en.wikipedia.org/wiki/Tottenham_Hale_station,http://tools.wmflabs.org/geohack/geohack.php?pagename=Tottenham_Hale_station&params=51.588333_N_-0.059722_E_type:railwaystation_region:GB-ENG,51.588333,-0.059722
VST,"Västerås central railway station, Västerås, Sweden (6 kilometres (3.7 mi) from the airport)","Gare de Västerås-central, Västerås, Suède (à 6km de l'aéroport)",Västerås central railway station,Gare de Västerås-central,Västerås,Västerås,,Sweden,http://en.wikipedia.org/wiki/V%C3%A4ster%C3%A5s_Central_Station,http://tools.wmflabs.org/geohack/geohack.php?pagename=V%C3%A4ster%C3%A5s_Central_Station&params=59_36_26_N_16_33_7_E_region:SE_type:railwaystation,59.607222,16.551944,A
VXO,"Växjö railway station, Växjö, Sweden (9 kilometres (5.6 mi) from the airport)","Gare de Växjö, Växjö, Suède (à 9km de l'aéroport)",Växjö Central railway station,Gare de Växjö,Växjö,Växjö,,Sweden,,https://tools.wmflabs.org/geohack/geohack.php?pagename=Växjö Central railway station&params=56_52_36_N_14_48_21_E_type:railwaystation_region:SE,56.8767189,14.805949,A
XAT,"Antibes Railway station, Antibes, France","Gare d'Antibes, Antibes, France",Antibes Railway station,Gare d'Antibes,Antibes,Antibes,Provence-Alpes-Côte d'Azur,France,http://en.wikipedia.org/wiki/Gare_d%27Antibes,http://tools.wmflabs.org/geohack/geohack.php?pagename=Gare_d%27Antibes&params=43_35_9_N_7_7_10_E_type:railwaystation_region:FR-U,43.585833,7.119444
XAX,"Dorval railway station, Montréal, Canada (2 kilometres (1.2 mi) from Montréal–Pierre Elliott Trudeau International Airport (YUL, ICAO: CYUL))","Gare de Dorval, Montréal, Québec, Canada (à 2 km de l'aéroport international Montréal–Pierre Elliott Trudeau)",Dorval railway station,Gare de Dorval,Montréal,Montréal,Kébec,Canada,http://en.wikipedia.org/wiki/Dorval_%28Via%29,http://tools.wmflabs.org/geohack/geohack.php?pagename=Dorval_%28Via%29&params=45.4488_N_73.7414_W_type:railwaystation_region:CA-QC,45.4488,-73.7414
XCG,"Cagnes-sur-Mer Railway station, Cagnes-sur-Mer, Provence-Alpes-Côte d'Azur, France","Gare de Cagnes-sur-Mer, Cagnes-sur-Mer, Provence-Alpes-Côte d'Azur, France",Cagnes-sur-Mer Railway station,Gare de Cagnes-sur-Mer,Cagnes-sur-Mer,Cagnes-sur-Mer,Provence-Alpes-Côte d'Azur,France,http://fr.wikipedia.org/wiki/Gare_de_Cagnes-sur-Mer,http://tools.wmflabs.org/geohack/geohack.php?language=en&pagename=Gare_de_Cagnes-sur-Mer&params=43.657677_N_7.148269_E_region:FR-U_type:railwaystation,43.657677,7.148269
XDB,"Lille-Europe Railway station, Lille, Nord-Pas de Calais, France","Gare de Lille-Europe, Lille, Nord-Pas de Calais, France",Lille-Europe Railway station,Gare de Lille-Europe,Lille,Lille,Nord-Pas de Calais,France,http://fr.wikipedia.org/wiki/Gare_de_Lille-Europe,http://tools.wmflabs.org/geohack/geohack.php?pagename=Gare_de_Lille_Europe&params=50_38_22_N_3_04_31_E_region:FR-O_type:railwaystation,50.639444,3.075278
XDH,"Jasper railway station, Jasper, Alberta, Canada","Gare de Jasper, Jasper, Alberta, Canada",Jasper railway station,Gare de Jasper,Jasper,Jasper,Alberta,Canada,http://en.wikipedia.org/wiki/Jasper_railway_station,http://tools.wmflabs.org/geohack/geohack.php?pagename=Jasper_railway_station&params=52_52_34_N_118_04_47_W_region=CA-AB_type:railwaystation,52.876111,-118.079722
XDS,"Ottawa Train Station, Ottawa, Ontario, Canada","Gare d'Ottawa, Ottawa, Ontario, Canada",Ottawa Train Station,Gare d'Ottawa,Ottawa,Ottawa,Ontario,Canada,http://en.wikipedia.org/wiki/Ottawa_Train_Station,http://tools.wmflabs.org/geohack/geohack.php?pagename=Ottawa_Train_Station&params=45_24_59_N_75_39_06_W_region:CA-ON_type:railwaystation,45.416389,-75.651667
XDV,"Prince George railway station, Prince George, British Columbia, Canada","Gare de Prince-George, Prince George, British Columbia, Canada",Prince George railway station,Gare de Prince-George,Prince George,Prince George,British Columbia,Canada,http://en.wikipedia.org/wiki/Prince_George_railway_station,http://tools.wmflabs.org/geohack/geohack.php?pagename=Prince_George_railway_station&params=53.9192_N_-122.7442_E_type:railwaystation_region:CA-BC,53.9192,-122.7442
XDW,"Prince Rupert railway station, Prince Rupert, British Columbia, Canada","Gare de Prince-Rupert, Prince Rupert, British Columbia, Canada",Prince Rupert railway station,Gare de Prince-Rupert,Prince Rupert,Prince Rupert,British Columbia,Canada,http://en.wikipedia.org/wiki/Prince_Rupert_railway_station,http://tools.wmflabs.org/geohack/geohack.php?pagename=Prince_Rupert_railway_station&params=54_17_45_N_130_21_07_W_region:CA-BC_type:railwaystation_source:kolossus-fiwiki,54.295833,-130.351944
XDZ,"The Pas railway station, The Pas, Manitoba, Canada","Gare de The-Pas, The Pas, Manitoba, Canada",The Pas railway station,Gare de The-Pas,The Pas,The Pas,Manitoba,Canada,http://en.wikipedia.org/wiki/The_Pas_railway_station,http://tools.wmflabs.org/geohack/geohack.php?pagename=The_Pas_railway_station&params=53_49_26_N_101_14_50_W_type:railwaystation_region:CA-MB,53.823889,-101.247222
XEA,"Pacific Central Station, Vancouver, British Columbia, Canada","Gare Pacific-Central, Vancouver, British Columbia, Canada",Pacific Central Station,Gare Pacific-Central,Vancouver,Vancouver,British Columbia,Canada,http://en.wikipedia.org/wiki/Pacific_Central_Station,http://tools.wmflabs.org/geohack/geohack.php?pagename=Pacific_Central_Station&params=49_16_25.4_N_123_05_52.5_W_region:CA-BC_type:railwaystation,49.273722,-123.097917
XED,"Marne-la-Vallée – Chessy Railway station, France (for Disneyland Paris)","Gare de Marne-la-Vallée – Chessy, France (for Disneyland Paris)",Marne-la-Vallée – Chessy Railway station,Gare de Marne-la-Vallée – Chessy,Chessy,Chessy,Île de France,France,http://en.wikipedia.org/wiki/Gare_de_Marne-la-Vall%C3%A9e_%E2%80%93_Chessy,http://tools.wmflabs.org/geohack/geohack.php?pagename=Gare_de_Marne-la-Vall%C3%A9e_%E2%80%93_Chessy&params=48_52_11_N_2_46_58_E_type:railwaystation_region:FR-J,48.869722,2.782778
XEF,"Union Station, Winnipeg, Manitoba, Canada","Gare Union, Winnipeg, Manitoba, Canada",Union Station,Gare Union,Winnipeg,Winnipeg,Manitoba,Canada,http://en.wikipedia.org/wiki/Union_Station_%28Winnipeg%29,http://tools.wmflabs.org/geohack/geohack.php?pagename=Union_Station_%28Winnipeg%29&params=49_53_20_N_97_08_03_W_type:railwaystation_scale:10000_region:CA-MB,49.888889,-97.134167
XEV,"Stockholm Central Station, Stockholm, Sweden","Gare centrale de Stockholm, Stockholm, Suède",Stockholm Central Station,Gare centrale de Stockholm,Stockholm,Stockholm,,Sweden,http://en.wikipedia.org/wiki/Stockholm_Central_Station,http://tools.wmflabs.org/geohack/geohack.php?pagename=Stockholm_Central_Station&params=59.330_N_18.056_E_region:SE_type:railwaystation_source:nlwiki,59.33,18.056
XEW,"Flemingsberg railway station (formerly Stockholm Syd Flemingsberg), Stockholm-Flemingsberg, Sweden","Gare de Flemingsberg, Stockholm-Flemingsberg, Suède",Flemingsberg railway station,Gare de Flemingsberg,Stockholm,Stockholm,,Sweden,http://en.wikipedia.org/wiki/Flemingsberg,https://tools.wmflabs.org/geohack/geohack.php?pagename=Flemingsberg_railway_station&params=59_13_3_N_17_56_47_E_type:railwaystation_region:SE,59.2176096,17.9465562
XFF,"Calais-Fréthun railway station, Calais, France","Gare de Calais-Fréthun, Calais, France",Calais-Fréthun railway station,Gare de Calais-Fréthun,Calais,Calais,Nord Pas de Calais,France,http://fr.wikipedia.org/wiki/Gare_de_Calais_-_Fr%C3%A9thun,http://tools.wmflabs.org/geohack/geohack.php?language=en&pagename=Gare_de_Calais_-_Fr%C3%A9thun&params=50.902585_N_1.811286_E_type:railwaystation_region:FR-O,50.902585,1.811286
XFJ,"Eskilstuna Central station, Eskilstuna, Sweden","Gare centrale d'Eskilstuna, Eskilstuna, Suède",Eskilstuna Central station,Gare centrale d'Eskilstuna,Eskilstuna,Eskilstuna,,Sweden,,https://tools.wmflabs.org/geohack/geohack.php?pagename=Eskilstuna_Central_station&params=59_22_9_N_16_30_22_E_region:SE_type:railwaystation,59.369426,16.506268
XFP,"Malmö Central Station, Malmö, Sweden","Gare centrale de Malmö, Malmö, Suède",Malmö Central Station,Gare centrale de Malmö,Malmö,Malmö,,Sweden,http://en.wikipedia.org/wiki/Malm%C3%B6_Central_Station,http://tools.wmflabs.org/geohack/geohack.php?pagename=Malm%C3%B6_Central_Station&params=55_36_34_N_13_00_03_E_type:railwaystation_region:SE,55.609444,13.000833
XGB,"Montparnasse Railwail station, Paris, France","Gare Montparnasse, Paris, France",Montparnasse Railwail station,Gare Montparnasse,Paris,Paris,Île de France,France,http://fr.wikipedia.org/wiki/Gare_de_Paris-Montparnasse,http://tools.wmflabs.org/geohack/geohack.php?language=en&pagename=Gare_de_Paris-Montparnasse&params=48.841157_N_2.320474_E_type:railwaystation_region:FR-J,48.841157,2.320474
XGC,"Lund Central Station, Lund, Sweden","Gare centrale de Lund, Lund, Suède",Lund Central Station,Gare centrale de Lund,Lund,Lund,,Sweden,http://en.wikipedia.org/wiki/Lund_Central_Station,http://tools.wmflabs.org/geohack/geohack.php?pagename=Lund_Central_Station&params=55_42_19_N_13_11_14_E_region:SE_type:railwaystation,55.705278,13.187222
XGH,"Flåm Station, Flåm, Norway","Gare de Flåm, Flåm, Norvège",Flåm Station,Gare de Flåm,Flåm,Flåm,,Norway,http://en.wikipedia.org/wiki/Fl%C3%A5m_Station,http://tools.wmflabs.org/geohack/geohack.php?pagename=Fl%C3%A5m_Station&params=60_51_47_N_7_06_50_E_type:railwaystation_region:NO,60.863056,7.113889
XGJ,"Cobourg railway station, Canada","Gare de Cobourg, Cobourg, Ontario, Canada",Cobourg railway station,Gare de Cobourg,Cobourg,Cobourg,Ontario,Canada,http://en.wikipedia.org/wiki/Cobourg_railway_station,http://tools.wmflabs.org/geohack/geohack.php?pagename=Cobourg_railway_station&params=43_58_05_N_78_10_15_W_type:railwaystation_region:CA-ON,43.968056,-78.170833
XHJ,"Aachen Hauptbahnhof, Aachen, North Rhine-Westphalia, Germany","Gare centrale d'Aachen, Aachen, North Rhine-Westphalia, Allemagne",Aachen Hauptbahnhof,Gare centrale d'Aachen,Aachen,Aachen,North Rhine-Westphalia,Germany,http://en.wikipedia.org/wiki/Aachen_Hauptbahnhof,http://tools.wmflabs.org/geohack/geohack.php?pagename=Aachen_Hauptbahnhof&params=50.767635_N_6.091179_E_type:railwaystation_region:DE-NW,50.767635,6.091179
XHK,"Valence TGV railway station, Valence, Drôme, France","Gare de Valence TGV, Valence, Drôme, France",Valence TGV railway station,Gare de Valence TGV,Valence,Valence,Rhône Alpes,France,http://fr.wikipedia.org/wiki/Gare_de_Valence-Rh%C3%B4ne-Alpes-Sud_TGV,http://tools.wmflabs.org/geohack/geohack.php?language=en&pagename=Gare_de_Valence-Rh%C3%B4ne-Alpes-Sud_TGV&params=44.99174_N_4.978716_E_type:railwaystation,44.99174,4.978716
XIA,"Guelph Central Station, Guelph, Ontario, Canada","Gare centrale de Guelph, Guelph, Ontario, Canada",Guelph Central Station,Gare centrale de Guelph,Guelph,Guelph,Ontario,Canada,http://en.wikipedia.org/wiki/Guelph_Central_Station,http://tools.wmflabs.org/geohack/geohack.php?pagename=Guelph_Central_Station&params=43_32_39_N_80_14_49_W_region:CA-ON_type:railwaystation,43.544167,-80.246944
XIT,"Leipzig Hauptbahnhof, Leipzig, Saxony, Germany","Gare centrale de Leipzig, Leipzig, Saxe, Allemagne",Leipzig Hauptbahnhof,Gare centrale de Leipzig,Leipzig,Leipzig,Saxony,Germany,http://en.wikipedia.org/wiki/Leipzig_Hauptbahnhof,http://tools.wmflabs.org/geohack/geohack.php?pagename=Leipzig_Hauptbahnhof&params=51_20_43_N_12_22_56_E_region:DE-SN_type:railwaystation,51.345278,12.382222
XIZ,"Champagne-Ardenne TGV Station, Reims-Bezanne, France (5 km from Reims city center)","Gare de Champagne-Ardenne TGV, Reims-Bezanne, France (à 5 km au sud du centre de Reims)",Champagne-Ardenne TGV Station,Gare de Champagne-Ardenne TGV,Reims,Reims,Champagne-Ardenne,France,http://fr.wikipedia.org/wiki/Gare_de_Champagne-Ardenne_TGV,http://tools.wmflabs.org/geohack/geohack.php?language=en&pagename=Gare_de_Champagne-Ardenne_TGV&params=49.215278_N_3.994444_E_type:railwaystation_region:FR-G,49.215278,3.994444
XJY,"Massy TGV Station, Massy, France","Gare de Massy TGV, Massy, France",Massy TGV Station,Gare de Massy TGV,Massy,Massy,Île de France,France,http://fr.wikipedia.org/wiki/Gare_de_Massy_TGV,http://tools.wmflabs.org/geohack/geohack.php?language=en&pagename=Gare_de_Massy_TGV&params=48.72584_N_2.261345_E_type:railwaystation_region:FR-J,48.72584,2.261345
XKL,"KL Sentral railway station, Kuala Lumpur, Malaysia","Gare de KL Sentral, Kuala Lumpur, Malaysia",KL Sentral railway station,Gare de Kuala Lumpur Sentral,Kuala Lumpur,Kuala Lumpur,,Malaysia,http://en.wikipedia.org/wiki/Kuala_Lumpur_Sentral_railway_station,http://tools.wmflabs.org/geohack/geohack.php?pagename=Kuala_Lumpur_Sentral_railway_station&params=3.134_N_101.686_E_source:dewiki_type:railwaystation_region:MY,3.134,101.686
XLM,"Saint-Lambert (AMT) railway station, Montreal-Saint-Lambert, Canada","Gare Saint-Lambert, Montreal-Saint-Lambert, Canada",Saint-Lambert (AMT) railway station,Gare Saint-Lambert,Saint-Lambert,Saint-Lambert,Quebec,Canada,http://en.wikipedia.org/wiki/Saint-Lambert_railway_station,http://tools.wmflabs.org/geohack/geohack.php?pagename=Saint-Lambert_railway_station&params=45_29_57_N_73_30_26_W_type:railwaystation_region:CA-QC,45.499167,-73.507222
XLV,"Niagara Falls (VIA) railway station, Niagara Falls, Ontario, Canada","Gare de Niagara Falls (VIA), Niagara Falls, Ontario, Canada",Niagara Falls railway station,Gare de Niagara Falls,Niagara Falls,Niagara Falls,Ontario,Canada,"http://en.wikipedia.org/wiki/Niagara_Falls,_Ontario_railway_station",http://tools.wmflabs.org/geohack/geohack.php?pagename=Niagara_Falls%2C_Ontario_railway_station&params=43.1088_N_-79.0634_E_type:railwaystation_region:CA-ON,43.1088,-79.0634
XOP,"Poitiers railway station, Poitiers, France","Gare de Poitiers, Poitiers, France",Poitiers railway station,Gare de Poitiers,Poitiers,Poitiers,Poitou-Charentes,France,http://fr.wikipedia.org/wiki/Gare_de_Poitiers,https://tools.wmflabs.org/geohack/geohack.php?pagename=Gare_de_Poitiers&params=46_34_55_N_0_19_58_E_type:railwaystation_region:FR-T,46.5821,0.333
XPG,"Gare du Nord, Paris, France","Gare du Nord, Paris, France",Gare du Nord,Gare de Paris Nord,Paris,Paris,Île de France,France,http://fr.wikipedia.org/wiki/Gare_de_Paris-Nord,https://tools.wmflabs.org/geohack/geohack.php?pagename=Gare_de_Paris-Nord&params=48_52_53_N_2_21_22_E_type:railwaystation_region:FR-J,48.881642,2.35616
XPH,"Port Hope railway station, Ontario, Canada","Gare de Port Hope, Ontario, Canada",Port Hope railway station,Gare de Port Hope,Port Hope,Port Hope,Ontario,Canada,http://en.wikipedia.org/wiki/Port_Hope_railway_station,http://tools.wmflabs.org/geohack/geohack.php?pagename=Port_Hope_railway_station&params=43_56_46_N_78_17_41_W_type:railwaystation_region:CA-ON,43.946111,-78.294722
XPJ,"Montpellier Saint-Roch Railway station, Montpellier, France","Gare de Montpellier Saint-Roch, Montpellier, France",Montpellier Saint-Roch Railway station,Gare de Montpellier Saint-Roch,Montpellier,Montpellier,Languedoc-Roussillon,France,http://fr.wikipedia.org/wiki/Gare_de_Montpellier-Saint-Roch,https://tools.wmflabs.org/geohack/geohack.php?pagename=Gare_de_Montpellier-Saint-Roch&params=43_36_15_N_3_52_50_E_type:railwaystation_region:FR-K,43.604167,3.880556
XQE,"Ebbsfleet International railway station, Ebbsfleet Valley, United Kingdom (Eurostar)","Gare Ebbsfleet-International, Ebbsfleet Valley, United Kingdom (Eurostar)",Ebbsfleet International railway station,Gare Ebbsfleet-International,London,Londres,England,United Kingdom,http://en.wikipedia.org/wiki/Ebbsfleet_International_railway_station,http://tools.wmflabs.org/geohack/geohack.php?pagename=Ebbsfleet_International_railway_station&params=51_26_34.94_N_0_19_15.18_E_type:railwaystation_scale:2000_region:GB,51.443039,0.320883
XQT,"Lichfield Trent Valley railway station, Lichfield, Staffordshire, United Kingdom","Gare Lichfield-Trent-Valley, Lichfield, Staffordshire, United Kingdom",Lichfield Trent Valley railway station,Gare Lichfield-Trent-Valley,Lichfield,Lichfield,Staffordshire,United Kingdom,http://en.wikipedia.org/wiki/Lichfield_Trent_Valley_railway_station,http://tools.wmflabs.org/geohack/geohack.php?pagename=Lichfield_Trent_Valley_railway_station&params=52.68662_N_-1.80024_E_type:railwaystation_region:GB_scale:10000,52.68662,-1.80024
XRG,"Rugeley Trent Valley railway station, United Kingdom","Gare Rugeley-Trent-Valley, Staffordshire, United Kingdom",Rugeley Trent Valley railway station,Gare Rugeley-Trent-Valley,Rugeley,Rugeley,Staffordshire,United Kingdom,http://en.wikipedia.org/wiki/Rugeley_Trent_Valley_railway_station,http://tools.wmflabs.org/geohack/geohack.php?pagename=Rugeley_Trent_Valley_railway_station&params=52.770_N_1.930_W_type:railwaystation_region:GB,52.77,-1.93
XRF,"Marseille Saint-Charles Railway station, Marseille, France","Gare de Marseille Saint-Charles, Marseille, France",Marseille Saint-Charles Railway station,Gare de Marseille Saint-Charles,Marseille,Marseille,Provence-Alpes-Côte d'Azur,France,http://fr.wikipedia.org/wiki/Gare_de_Marseille-Saint-Charles,https://tools.wmflabs.org/geohack/geohack.php?pagename=Gare_de_Marseille-Saint-Charles&params=43_18_12_N_5_22_47_E_region:FR-U_type:railwaystation,43.303476,5.379825
XRK,"Paveletsky Rail Terminal, Moscow, Russia","Gare terminale de Paveletsky, Moscow, Russie",Paveletsky Rail Terminal,Gare terminale de Paveletsky,Moscow,Moscow,,Russia,http://en.wikipedia.org/wiki/Paveletsky_railway_station,http://tools.wmflabs.org/geohack/geohack.php?pagename=Paveletsky_railway_station&params=55.7298_N_37.6394_E_region:RU_type:railwaystation,55.7298,37.6394
XSH,"Tours Saint-Pierre-des-Corps railway station, Tours, France","Gare de Tours Saint-Pierre-des-Corps, Tours, France",Tours Saint-Pierre-des-Corps railway station,Gare de Tours Saint-Pierre-des-Corps,Tours,Tours,Centre-Val de loire,France,http://fr.wikipedia.org/wiki/Gare_de_Saint-Pierre-des-Corps,https://tools.wmflabs.org/geohack/geohack.php?pagename=Gare_de_Saint-Pierre-des-Corps&params=47_23_8_N_0_43_25_E_region:FR-F_type:railwaystation,47.385782,0.723795
XUK,"Xuzhou Railway Station, Xuzhou, Jiangsu, China","Gare de Xuzhou, Xuzhou, Jiangsu, Chine",Xuzhou Railway Station,Gare de Xuzhou,Xuzhou,Xuzhou,Jiangsu,China,http://en.wikipedia.org/wiki/Xuzhou_Railway_Station,http://tools.wmflabs.org/geohack/geohack.php?pagename=Xuzhou_Railway_Station&params=34_16_2_N_117_12_2_E_region:CN-32_type:railwaystation,34.267222,117.200556
XWG,"Strasbourg-ville railway station, Strasbourg, France","Gare de Strasbourg-ville, Strasbourg, France",Strasbourg-ville railway station,Gare de Strasbourg-ville,Strasbourg,Strasbourg,Alsace,France,http://fr.wikipedia.org/wiki/Gare_de_Strasbourg-Ville,https://tools.wmflabs.org/geohack/geohack.php?pagename=Gare_de_Strasbourg-Ville&params=48_35_6_N_7_44_4_E_region:FR-A_type:railwaystation,48.585041,7.734541
XWK,"Karlskrona Central railway station, Karlskrona, Sweden","Gare de Karlskrona-Central, Karlskrona, Suède",Karlskrona Central railway station,Gare Karlskrona-Central,Karlskrona,Karlskrona,,Sweden,http://jernhusen.se/sv/Resenar/Karlskrona-Centralstation/,https://tools.wmflabs.org/geohack/geohack.php?pagename=Karlskrona_Central_railway_station&params=56_9_58_N_15_35_8_E_region:SE_type:railwaystation,56.166111,15.585556
XWL,"Gothenburg Central Station, Sweden","Gare Gothenburg-Central, Gothenburg, Suède",Gothenburg Central Station,Gare Gothenburg-Central,Gothenburg,Gothenburg,,Sweden,http://en.wikipedia.org/wiki/Gothenburg_Central_Station,http://tools.wmflabs.org/geohack/geohack.php?pagename=Gothenburg_Central_Station&params=57_42_32_N_11_58_24_E_region:SE-AB_type:railwaystation,57.708889,11.973333
XWR,"Örebro Central Station, Örebro, Sweden","Gare d'Örebro, Örebro, Suède",Örebro Central Station,Gare d'Örebro-Central,Örebro,Örebro,,Sweden,http://en.wikipedia.org/wiki/%C3%96rebro_Central_Station,http://tools.wmflabs.org/geohack/geohack.php?pagename=%C3%96rebro_Central_Station&params=59_16_43_N_15_12_42_E_region:SE_type:railwaystation,59.278611,15.211667
XXL,"Lillehammer Station, Norway","Gare de Lillehammer, Norvège",Lillehammer Station,Gare de Lillehammer,Lillehammer,Lillehammer,,Norway,http://en.wikipedia.org/wiki/Lillehammer_Station,http://tools.wmflabs.org/geohack/geohack.php?pagename=Lillehammer_Station&params=61_6_51.73_N_10_27_40.69_E_source:nowiki_region:NO_type:railwaystation,61.114369,10.461303
XXZ,"Sundsvall central railway station, Sundsvall, Sweden","Gare centrale de Sundsvall, Sundsvall, Suède",Sundsvall central railway station,Gare centrale de Sundsvall,Sundsvall,Sundsvall,,Sweden,,https://tools.wmflabs.org/geohack/geohack.php?pagename=Sundsvall_central_railway_station&params=62_23_8_N_17_18_44_E_type:railwaystation_region:SE,62.3857485,17.3122297
XYB,"Borlänge railway station, Borlänge, Sweden","Gare de Borlänge, Borlänge, Suède",Borlänge railway station,Gare de Borlänge,Borlänge,Borlänge,,Sweden,http://en.wikipedia.org/wiki/Borl%C3%A4nge,http://tools.wmflabs.org/geohack/geohack.php?pagename=Borl%C3%A4nge_railway_station&params=60_28_45_N_15_25_38_E_type:railwaystation_region:SE,60.479344,15.427401
XYD,"Lyon-Part-Dieu railway station, Lyon, France","Gare de Lyon-Part-Dieu, Lyon, France",Lyon-Part-Dieu railway station,Gare de Lyon-Part-Dieu,Lyon,Lyon,Rhône-Alpes,France,http://fr.wikipedia.org/wiki/Gare_de_Lyon-Part-Dieu,https://tools.wmflabs.org/geohack/geohack.php?pagename=Gare_de_Lyon-Part-Dieu&params=45_45_35_N_4_51_34_E_type:railwaystation_region:FR-V,45.759978,4.859669
XYG,"Praha hlavní nádraží, Prague, Czech Republic (English: Prague main railway station, abbreviated Praha hl.n)","Gare centrale de Prague, Prague, République Tchèque",Prague main railway station,Gare centrale de Prague,Prague,Prague,,Czech Republic,http://fr.wikipedia.org/wiki/Gare_centrale_de_Prague,https://tools.wmflabs.org/geohack/geohack.php?pagename=Prague_main_railway_station&params=50_4_58_N_14_26_5_E_type:railwaystation_region:CZ,50.082839,14.434962
XYH,"Helsingborg central railway station, Helsingborg, Sweden (connected to the ferries to Helsingør, Denmark)","Gare Centrale d'Helsingborg, Helsingborg, Suède (connection aux ferries pour Helsingør-Denmark)",Helsingborg railway station,Gare Centrale d'Helsingborg,Helsingborg,Helsingborg,,Sweden,,https://tools.wmflabs.org/geohack/geohack.php?pagename=Helsingborg_central_railway_station&params=56_2_37_N_12_41_41_E_type:railwaystation_scale:5000_region:SE,56.043757,12.694958
XYJ,"Praha-Holešovice railway station, Prague, Czech Republic","Gare Praha-Holešovice, Prague, République Tchèque",Praha-Holešovice railway station,Gare Praha-Holešovice,Prague,Prague,,Czech Republic,http://en.wikipedia.org/wiki/Praha-Hole%C5%A1ovice_railway_station,http://tools.wmflabs.org/geohack/geohack.php?pagename=Praha-Hole%C5%A1ovice_railway_station&params=50.110278_N_14.439722_E_type:railwaystation_region:CZ,50.110278,14.439722
XYL,"Lyon-Perrache railway station, Lyon, France","Gare de Lyon-Perrache, Lyon, France",Lyon-Perrache railway station,Gare de Lyon-Perrache,Lyon,Lyon,Rhône-Alpes,France,http://fr.wikipedia.org/wiki/Gare_de_Lyon-Perrache,https://tools.wmflabs.org/geohack/geohack.php?pagename=Gare_de_Lyon-Perrache&params=45_44_53_N_4_49_32_E_region:FR-V_type:railwaystation,45.7483,4.825605
XZI,"Lorraine TGV railway station, Metz–Nancy area, France","Gare de Lorraine TGV, Metz–Nancy, France",Lorraine TGV railway station,Gare de Lorraine TGV,Metz–Nancy,Metz–Nancy,Lorraine,France,http://fr.wikipedia.org/wiki/Gare_de_Lorraine_TGV,https://tools.wmflabs.org/geohack/geohack.php?pagename=Gare_de_Lorraine_TGV&params=48_56_50_N_6_10_10_E_region:FR-M_type:railwaystation,48.9475,6.169722
XZN,"Avignon TGV railway station, Avignon, France","Gare d'Avignon TGV, Avignon, France",Avignon TGV railway station,Gare d'Avignon TGV,Avignon,Avignon,Provence-Alpes-côte d'azur,France,http://fr.wikipedia.org/wiki/Gare_d%27Avignon_TGV,https://tools.wmflabs.org/geohack/geohack.php?pagename=Gare_d'Avignon_TGV&params=43_55_18_N_4_47_9_E_region:FR-U_type:railwaystation,43.921742,4.786064
XZO,"Oslo Central Station, Oslo, Norway","Gare Oslo Central, Oslo, Norvège",Oslo Central Station,Gare Oslo CentralOslo,Oslo,Oslo,,Norway,http://en.wikipedia.org/wiki/Oslo_Central_Station,http://tools.wmflabs.org/geohack/geohack.php?pagename=Oslo_Central_Station&params=59_54_40_N_10_45_3_E_type:railwaystation_region:NO,59.911111,10.750833
XZT,"Trondheim Central Station, Trondheim, Norway","Gare Trondheim Central, Trondheim, Norvège",Trondheim Central Station,Gare Trondheim Central,Trondheim,Trondheim,,Norway,http://en.wikipedia.org/wiki/Trondheim_Central_Station,http://tools.wmflabs.org/geohack/geohack.php?pagename=Trondheim_Central_Station&params=63_26_11_N_10_23_56_E_type:railwaystation_region:NO,63.436389,10.398889
XZV,"Toulon Railway station, Toulon, France","Gare de Toulon, Toulon, France",Toulon Railway station,Gare ferroviaire de Toulon,Toulon,Toulon,Provence-Alpes-Côte d'azur,France,http://fr.wikipedia.org/wiki/Gare_de_Toulon,https://tools.wmflabs.org/geohack/geohack.php?pagename=Gare_ferroviaire_de_Toulon&params=43_7_42_N_5_55_46_E_region:FR-U_type:railwaystation,43.12854,5.929631
YBZ,"Toronto Union Station, Ontario, Canada (about 3 km from Billy Bishop Toronto City Airport (YTZ, ICAO: CYTZ) by ferry)","Gare férrovière Toronto-Union, Toronto, Ontario, Canada",Toronto Union Station,Gare Toronto-Union,Toronto,Toronto,Ontario,Canada,http://en.wikipedia.org/wiki/Union_Station_%28Toronto%29,http://tools.wmflabs.org/geohack/geohack.php?pagename=Union_Station_%28Toronto%29&params=43_38_43_N_79_22_50_W_region:CA-ON_type:railwaystation,43.645278,-79.380556
YCM,"St. Catharines railway station, St. Catharines, Ontario, Canada","Gare férrovière de St. Catharines, St. Catharines, Ontario, Canada",St. Catharines railway station,Gare férrovière de St. Catharines,St. Catharines,St. Catharines,Ontario,Canada,http://en.wikipedia.org/wiki/St._Catharines_railway_station,http://tools.wmflabs.org/geohack/geohack.php?pagename=St._Catharines_railway_station&params=43_08_52_N_79_15_23_W_type:railwaystation_region:CA-ON,43.147778,-79.256389
YIU,"Yiwu Railway Station, Yiwu, Zhejiang, China (part of the Hukun Railway)","Gare de Yiwu, Yiwu, Zhejiang, Chine",Yiwu Railway Station,Gare de Yiwu,Yiwu,Yiwu,Zhejiang,China,http://en.wikipedia.org/wiki/Yiwu_Railway_Station,http://tools.wmflabs.org/geohack/geohack.php?pagename=Yiwu_Railway_Station&params=29_22_51_N_120_2_16_E_region:CN-32_type:railwaystation,29.380833,120.037778
YJD,"Barcelona França railway station, Barcelona, Spain","Gare de Barcelone-França (gare de France), Barcelona, Espagne",Barcelona França railway station,Gare de Barcelone-França,Barcelona,Barcelone,,Spain,http://en.wikipedia.org/wiki/Barcelona_Fran%C3%A7a_railway_station,http://tools.wmflabs.org/geohack/geohack.php?pagename=Barcelona_Fran%C3%A7a_railway_station&params=41.384_N_2.186_E_source:cawiki,41.384,2.186
YJH,"San Sebastián donostia railway station, San Sebastián, Spain","Gare de San Sebastián donostia, San Sebastián, Spain",San Sebastián donostia Railway station,Gare de San Sebastián-donostia,San Sebastián,San Sebastián,,Spain,,https://tools.wmflabs.org/geohack/geohack.php?pagename=San_Sebastián_donostia_railway_station&params=43_19_2_N_1_58_35_W_type:railwaystation_region:ES,43.3172343,-1.9765759
YMY,"Montreal Central Station, Montreal, Quebec, Canada (no longer an airport)","Gare Montreal-Central, Montreal, Quebec, Canada",Montreal Central Station,Gare Montreal-Central,Montreal,Montreal,Quebec,Canada,http://en.wikipedia.org/wiki/Central_Station_%28Montreal%29,http://tools.wmflabs.org/geohack/geohack.php?pagename=Central_Station_%28Montreal%29&params=45.4996_N_-73.5668_E_type:railwaystation_region:CA-QC,45.4996,-73.5668
ZAQ,"Nürnberg Hauptbahnhof, Nuremberg, Germany","Gare de Nuremberg Central, Nuremberg, Allemagne",Nuremberg Central Station,Gare de Nuremberg Central,Nuremberg,Nuremberg,,Germany,http://en.wikipedia.org/wiki/Nuremberg_Central_Station,http://tools.wmflabs.org/geohack/geohack.php?pagename=Nuremberg_Central_Station&params=49_26_47_N_11_4_55_E_region:DE-BY_type:railwaystation,49.446389,11.081944
ZBA,"Basel Badischer Bahnhof, Basel, Switzerland","Gare badoise de Bâle, Bâle, Suisse",Basel Badischer railway station,Gare de Basel Badischer,Basel,Bâle,,Switzerland,http://en.wikipedia.org/wiki/Basel_Badischer_Bahnhof,http://tools.wmflabs.org/geohack/geohack.php?pagename=Basel_Badischer_Bahnhof&params=47_34_5_N_7_36_23_E_region:CH-BS_type:railwaystation,"47,568056","7,606389"
ZBP,"Pennsylvania Station, Baltimore, Maryland, United States","Gare de Pennsylvanie, Baltimore, Maryland, Etats Unis",Pennsylvania Station,Gare de Pennsylvanie,Baltimore,Baltimore,Maryland,United States,http://en.wikipedia.org/wiki/Pennsylvania_Station_%28Baltimore%29,http://tools.wmflabs.org/geohack/geohack.php?pagename=Pennsylvania_Station_%28Baltimore%29&params=39_18_26.64_N_76_36_56.16_W_region:US-MD_type:landmark,39.3074,-76.6156
ZDH,"Basel SBB railway station, Basel, Switzerland","Gare de Bâle SBB, Basel, Switzerland",Basel SBB railway station,Gare de Bâle SBB,Basel,Bâle,,Switzerland,http://en.wikipedia.org/wiki/Basel_SBB_railway_station,http://tools.wmflabs.org/geohack/geohack.php?pagename=Basel_SBB_railway_station&params=47_32_51_N_7_35_23_E_region:CH-BS_type:railwaystation_source:dewiki,"47,5475","7,589722"
ZDJ,"Bern railway station, Bern, Switzerland","Gare de Bern, Bern, Suisse",Bern railway station,Gare de Bern,Bern,Bern,,Switzerland,http://en.wikipedia.org/wiki/Bern_railway_station,http://tools.wmflabs.org/geohack/geohack.php?pagename=Bern_railway_station&params=46_56_59_N_7_26_22_E_region:CH-BE_type:railwaystation_source:dewiki,"46,949722","7,439444"
ZDU,"Dundee railway station, Dundee, Scotland, United Kingdom","Gare de Dundee, Dundee, Ecosse, Royaume Uni",Dundee railway station,Gare de Dundee,Dundee,Dundee,Scotland,United Kingdom,http://en.wikipedia.org/wiki/Dundee_railway_station,http://tools.wmflabs.org/geohack/geohack.php?pagename=Dundee_railway_station&params=56.4566_N_-2.9710_E_type:railwaystation_region:GB_scale:10000,"56,4566","-2,971"
ZEP,"Victoria station, London, United Kingdom","Gare de Victoria, Londres, Angleterre",Victoria station,Gare de Victoria,London,Londres,England,United Kingdom,http://en.wikipedia.org/wiki/London_Victoria_station,http://tools.wmflabs.org/geohack/geohack.php?pagename=London_Victoria_station&params=51.4966_N_-0.1448_E_type:railwaystation_region:GB,"51,4966","-0,1448"
ZEU,"Göttingen railway station, Göttingen, Germany","Gare de Göttingen, Göttingen, Allemagne",Göttingen railway station,Gare de Göttingen,Göttingen,Göttingen,,Germany,http://en.wikipedia.org/wiki/G%C3%B6ttingen_station,http://tools.wmflabs.org/geohack/geohack.php?pagename=G%C3%B6ttingen_station&params=51_32_12_N_9_55_37_E_region:DE-NI_type:railwaystation,"51,536667","9,926944"
ZFJ,"Rennes Railway station, Rennes, France","Gare de Rennes, Rennes, France",Rennes Railway station,Gare de Rennes,Rennes,Rennes,Bretagne,France,http://fr.wikipedia.org/wiki/Gare_de_Rennes,http://tools.wmflabs.org/geohack/geohack.php?pagename=Gare_de_Rennes&params=48_06_12_N_1_40_21_W_region:FR-F_type:railwaystation,"48,103333","-1,6725"
ZFQ,"Bordeaux Saint-Jean raiway station, Bordeaux, France","Gare de Bordeaux Saint-Jean, Bordeaux, France",Bordeaux Saint-Jean raiway station,Gare de Bordeaux Saint-Jean,Bordeaux,Bordeaux,Aquitaine,France,http://fr.wikipedia.org/wiki/Gare_de_Bordeaux-Saint-Jean,http://tools.wmflabs.org/geohack/geohack.php?pagename=Gare_de_Bordeaux-Saint-Jean&params=44.8256_N_-0.5556_E_type:railwaystation_region:FR-A,"44,8256","-0,5556"
ZFV,"30th Street Station, Philadelphia, Pennsylvania, United States","Gare de Philadelphie 30 ième rue, Philadelphie, Pennsylvanie, Etats Unis",Philadelphia 30th Street Station,Gare de Philadelphie 30 ième rue,Philadelphia,Philadelphie,Pennsylvania,United States,http://en.wikipedia.org/wiki/30th_Street_Station,http://tools.wmflabs.org/geohack/geohack.php?pagename=30th_Street_Station&params=39_57_20.96_N_75_10_56.64_W_region:US-PA_type:railwaystation,"39,955822","-75,1824"
ZGG,"Glasgow Central station, Glasgow, Scotland, United Kingdom","Gare centrale de Glasgow, Glasgow",Glasgow Central station,Gare centrale de Glasgow,Glasgow,Glasgow,Scotland,United Kingdom,http://en.wikipedia.org/wiki/Glasgow_Central_station,http://tools.wmflabs.org/geohack/geohack.php?pagename=Glasgow_Central_station&params=55.858_N_-4.258_E_type:railwaystation_region:GB_scale:10000,"55,858","-4,258"
ZGH,"Copenhagen Central Station, Copenhagen, Denmark","Gare centrale de Copenhague, Copenhague, Danemark",Copenhagen Central Station,Gare centrale de Copenhague,Copenhagen,Copenhague,,Denmark,http://en.wikipedia.org/wiki/Copenhagen_Central_Station,http://tools.wmflabs.org/geohack/geohack.php?pagename=Copenhagen_Central_Station&params=55_40_22_N_12_33_52_E_type:railwaystation_region:DK,"55,672778","12,564444"
ZIV,"Inverness railway station, Inverness, Scotland, United Kingdom","Gare d'Inverness, Inverness, Ecosse, Royaume Uni",Inverness railway station,Gare d'Inverness,Inverness,Inverness,Scotland,United Kingdom,http://en.wikipedia.org/wiki/Inverness_railway_station,http://tools.wmflabs.org/geohack/geohack.php?pagename=Inverness_railway_station&params=57.4800_N_-4.2230_E_type:railwaystation_region:GB_scale:10000,"57,48","-4,223"
ZKD,"Leningradsky Rail Terminal, Moscow, Russia","Gare terminale Leningrade, Moscow, Russie",Leningradsky Rail Terminal,Gare terminale Leningrade,Moscow,Moscow,,Russia,http://en.wikipedia.org/wiki/Leningradsky_railway_station,http://tools.wmflabs.org/geohack/geohack.php?pagename=Leningradsky_railway_station&params=55_46_34_N_37_39_19_E_region:RU_type:railwaystation,"55,776111","37,655278"
ZLN,"Le Mans railway station, Le Mans, France","Gare de Le Mans, Le Mans, France",Le Mans railway station,Gare de Le Mans,Le Mans,Le Mans,Pays de loire,France,http://en.wikipedia.org/wiki/Gare_du_Mans,http://tools.wmflabs.org/geohack/geohack.php?pagename=Gare_du_Mans&params=47_59_39_N_0_11_31_E_type:railwaystation_region:FR-R,"47,994167","0,191944"
ZLS,"Liverpool Street Station, London, England, United Kingdom","Station Liverpool street, Londres, Angleterre, Royaume Uni",Liverpool Street Station,Station Liverpool street,London,Londres,England,United Kingdom,http://en.wikipedia.org/wiki/Liverpool_Street_station,http://tools.wmflabs.org/geohack/geohack.php?pagename=Liverpool_Street_station&params=51.5186_N_-0.0813_E_type:railwaystation_region:GB,"51,5186","-0,0813"
ZLY,"Albany–Rensselaer (Amtrak station), Rensselaer, New York, United States","Gare d'Albany–Rensselaer (Amtrak station), Rensselaer, New York, United States",Albany–Rensselaer (Amtrak station),Gare d'Albany–Rensselaer,Rensselaer,Rensselaer,New York,United States,"http://en.wikipedia.org/wiki/Rensselaer,_New_York",http://tools.wmflabs.org/geohack/geohack.php?pagename=Rensselaer%2C_New_York&params=42_38_48_N_73_44_01_W_type:city_region:US-NY,"42,646667","-73,733611"
ZMB,"Hamburg Hauptbahnhof, Hamburg, Germany","HGare centrale de Hambourg, Hambourg, Allemagne",Hamburg Hauptbahnhof,Gare centrale de Hambourg,Hamburg,Hambourg,,Germany,http://en.wikipedia.org/wiki/Hamburg_Hauptbahnhof,http://tools.wmflabs.org/geohack/geohack.php?pagename=Hamburg_Hauptbahnhof&params=53_33_10_N_10_00_23_E_region:DE-HH_type:railwaystation,"53,552778","10,006389"
ZMI,"Mergellina railway station, Naples, Italy","Gare de Mergellina, Naples, Italie",Mergellina railway station,Gare de Mergellina,Naples,Naples,,Italy,http://en.wikipedia.org/wiki/Napoli_Mergellina_railway_station,http://tools.wmflabs.org/geohack/geohack.php?pagename=Napoli_Mergellina_railway_station&params=40_49_53_N_14_13_09_E_type:railwaystation_region:IT-NA_source:itwiki,"40,831389","14,219167"
ZMS,"Florence Santa Maria Novella railway Station, Florence, Italy","Gare de Santa Maria Novella, Florence, Italie",Firenze Santa Maria Novella railway station,Gare de Santa Maria Novella,Florence,Florence,,Italy,http://en.wikipedia.org/wiki/Firenze_Santa_Maria_Novella_railway_station,http://tools.wmflabs.org/geohack/geohack.php?pagename=Firenze_Santa_Maria_Novella_railway_station&params=43_46_34_N_11_14_53_E_type:railwaystation_region:IT-FI_source:googlemaps,"43,776111","11,248056"
ZMU,"München Hauptbahnhof, Munich, Germany","Gare centrale de Munich, Munich, Allemagne",Munich main railway Station,Gare centrale de Munich,Munich,Munich,,Germany,http://en.wikipedia.org/wiki/M%C3%BCnchen_Hauptbahnhof,http://tools.wmflabs.org/geohack/geohack.php?pagename=M%C3%BCnchen_Hauptbahnhof&params=48_08_27_N_11_33_18_E_region:DE-BY_type:railwaystation,"48,140833","11,555"
ZPY,"Siegburg/Bonn railway station, Siegburg, Germany","Gare de Siegburg/Bonn, Siegburg, Allemagne",Siegburg/Bonn railway station,Gare de Siegburg/Bonn,Siegburg,Siegburg,,Germany,http://en.wikipedia.org/wiki/Siegburg/Bonn_station,http://tools.wmflabs.org/geohack/geohack.php?pagename=Siegburg%2FBonn_station&params=50.7937_N_7.2028_E_region:DE-NW_type:railwaystation,"50,7937","7,2028"
ZRB,"Frankfurt (Main) Hauptbahnhof, Frankfurt, Germany","Gare centrale de Frankfort, Frankfort, Allemagne",Frankfurt (Main) Hauptbahnhof,Gare centrale de Frankfort,Frankfurt,Frankfort,,Germany,http://en.wikipedia.org/wiki/Frankfurt_%28Main%29_Hauptbahnhof,http://tools.wmflabs.org/geohack/geohack.php?pagename=Frankfurt_%28Main%29_Hauptbahnhof&params=50_06_25_N_8_39_45_E_region:DE-HE_type:railwaystation,"50,106944","8,6625"
ZRH,"Zürich International Airport railway station, Zürich, Switzerland (same code as the airport)","Gare ferrovaire de l'aéroport de Zürich, Zürich, Suisse (même code que l'aéroport)",Zürich International Airport railway station,Gare ferrovaire de l'aéroport de Zürich,Zürich,Zürich,,Switzerland,http://en.wikipedia.org/wiki/Zurich_Airport_railway_station,http://tools.wmflabs.org/geohack/geohack.php?pagename=Zurich_Airport_railway_station&params=47_27_01_N_08_33_44_E_region:CH-ZH_type:railwaystation_source:google,"47,450278","8,562222",A
ZRL,"Lancaster railway station (Amtrak station), Lancaster, Pennsylvania, United States","Gare de Lancaster (Amtrak station), Lancaster, Pennsylvanie, Etats Unis",Lancaster railway station,Gare de Lancaster,Lancaster,Lancaster,Pennsylvania,United States,http://en.wikipedia.org/wiki/Lancaster_%28Amtrak_station%29,http://tools.wmflabs.org/geohack/geohack.php?pagename=Lancaster_%28Amtrak_station%29&params=40_3_15.71_N_76_18_27.80_W_type:railwaystation_region:US-PA,"40,054364","-76,307722"
ZRP,"Pennsylvania Station, Newark, New Jersey, United States","Gare de Pennsylvanie, Newark, New Jersey, Etats Unis",Newark-Pennsylvania Station,Gare de Newark-Pennsylvanie,Newark,Newark,New Jersey,United States,http://en.wikipedia.org/wiki/Pennsylvania_Station_%28Newark%29,http://tools.wmflabs.org/geohack/geohack.php?pagename=Pennsylvania_Station_%28Newark%29&params=40_44_5_N_74_9_51_W_region:US-NJ_type:railwaystation,"40,734722","-74,164167"
ZRT,"Hartford Union Station, Hartford, Connecticut, United States","Gare d'Hartford-union, Hartford, Connecticut, Etats Unis",Hartford Union Station,Gare d'Hartford-union,Hartford,Hartford,Connecticut,United States,http://en.wikipedia.org/wiki/Hartford_Union_Station,http://tools.wmflabs.org/geohack/geohack.php?pagename=Hartford_Union_Station&params=41_46_08_N_72_40_54_W_region:US-CT_type:landmark,"41,768889","-72,681667"
ZRV,"Providence Station, Providence, Rhode Island, United States","Gare de Providence, Providence, Rhode Island, Etats Unis",Providence Station,Gare de Providence,Providence,Providence,Rhode Island,United States,http://en.wikipedia.org/wiki/Providence_Station,http://tools.wmflabs.org/geohack/geohack.php?pagename=Providence_Station&params=41.829087_N_-71.41325_E_type:railwaystation_region:US-RI,"41,829087","-71,41325"
ZRZ,"New Carrollton Railsway station (WMATA station), New Carrollton, Maryland, United States","Gare de new Carrollton (WMATA), New Carrollton, Maryland, Etats Unis",New Carrollton railway station,Gare de new Carrollton,New Carrollton,New Carrollton,Maryland,United States,http://en.wikipedia.org/wiki/New_Carrollton_Station,http://tools.wmflabs.org/geohack/geohack.php?pagename=New_Carrollton_Station&params=38.9480_N_-76.8719_E_type:railwaystation_region:US-MD,"38,948","-76,8719"
ZSB,"Salzburg Hauptbahnhof ÖBB station, Salzburg, Austria","Gare centrale de Salzburg (ÖBB), Salzburg, Autriche",Salzburg main station,Gare centrale de Salzburg,Salzburg,Salzburg,,Austria,http://en.wikipedia.org/wiki/Nuremberg_Central_Station,http://tools.wmflabs.org/geohack/geohack.php?pagename=Nuremberg_Central_Station&params=49_26_47_N_11_4_55_E_region:DE-BY_type:railwaystation,"49,446389","11,081944"
ZSF,"Springfield Union Station, Springfield, Massachusetts, United States","Gare Springfield-Union, Springfield, Massachusett, Etats Unis",Springfield Union Station,Gare Springfield-Union,Springfield,Springfield,Massachusetts,United States,http://en.wikipedia.org/wiki/Springfield_Union_Station_%28Massachusetts%29,http://tools.wmflabs.org/geohack/geohack.php?pagename=Springfield_Union_Station_%28Massachusetts%29&params=42.106047_N_-72.592936_E_region:US-MA_type:railwaystation,"42,106047","-72,592936"
ZTD,"Schenectady (Amtrak station), Schenectady, New York, United States","Gare de Schenectady (Gare Amtrak), Schenectady, New York, Etats Unis",Schenectady Railway station,Gare de Schenectady,Schenectady,Schenectady,New York,United States,http://en.wikipedia.org/wiki/Schenectady_%28Amtrak_station%29,http://tools.wmflabs.org/geohack/geohack.php?pagename=Schenectady_%28Amtrak_station%29&params=42.8146_N_-73.9428_E_type:railwaystation_region:US-NY,"42,8146","-73,9428"
ZTE,"Rochester (Amtrak station), Rochester, New York, United States","Gare de Rochester (Gare Amtrak), Rochester, New York, Etats Unis",Rochester Railway station (Amtrak station),Gare de Rochester (Gare Amtrak),Rochester,Rochester,New York,United States,http://en.wikipedia.org/wiki/Rochester_%28Amtrak_station%29,http://tools.wmflabs.org/geohack/geohack.php?pagename=Rochester_%28Amtrak_station%29&params=43.1635_N_77.6082_W_type:railwaystation_region:US-NY_scale:10000,"43,1635","-77,6082"
ZTF,"Stamford (Metro-North station), Stamford, Connecticut, United States","Gare de Stamford (gare Metro-North), Stamford, Connecticut, Etats Unis",Stamford (Metro-North station),Gare de Stamford-Connecticut,Stamford,Stamford,Connecticut,United States,http://en.wikipedia.org/wiki/Stamford_Transportation_Center,http://tools.wmflabs.org/geohack/geohack.php?pagename=Stamford_Transportation_Center&params=41.046937_N_-73.541493_E_type:railwaystation_region:US-CT,"41,046937","-73,541493"
ZTJ,"Princeton Junction (NJT station), Princeton Junction, New Jersey, United States","Gare de Princeton Junction (Gare NJT), Princeton Junction, New Jersey, Etats Unis",Princeton Junction (NJT station),Gare de Princeton Junction (Gare NJT),Princeton Junction,Princeton Junction,New Jersey,United States,http://en.wikipedia.org/wiki/Princeton_Junction_%28NJT_station%29,http://tools.wmflabs.org/geohack/geohack.php?pagename=Princeton_Junction_%28NJT_station%29&params=40.3167_N_-74.6233_E_region:US-NJ_type:railwaystation,"40,3167","-74,6233"
ZTO,"South Station, Boston, Massachusetts, United States","Gare sud, Boston, Massachusetts, Etats Unis",South Station,Gare sud-Boston,Boston,Boston,Massachusetts,United States,http://en.wikipedia.org/wiki/South_Station,http://tools.wmflabs.org/geohack/geohack.php?pagename=South_Station&params=42_21_07_N_71_03_19_W_region:US-MA_type:landmark,"42,351944","-71,055278"
ZTY,"Back Bay (MBTA station), Boston, Massachusetts, United States","Gare de Back Bay (Gare MBTA), Boston, Massachusetts, Etats Unis",Back Bay (MBTA station),Gare de Back Bay,Boston,Boston,Massachusetts,United States,http://en.wikipedia.org/wiki/Back_Bay_%28MBTA_station%29,http://tools.wmflabs.org/geohack/geohack.php?pagename=Back_Bay_%28MBTA_station%29&params=42.3473_N_-71.0755_E_type:railwaystation_region:US-MA,"42,3473","-71,0755"
ZUA,"Utica Union Station, Utica, New York, United States","Gare Utica-Union, Utica, New York, Etats Unis",Utica Union Station,Gare Utica-Union,Utica,Utica,New York,United States,"http://en.wikipedia.org/wiki/Union_Station_%28Utica,_New_York%29",http://tools.wmflabs.org/geohack/geohack.php?pagename=Union_Station_%28Utica%2C_New_York%29&params=43_6_15_N_75_13_24_W_type:railwaystation_region:US-NY,"43,104167","-75,223333"
ZUG,"Harrisburg Transportation Center, Harrisburg, Pennsylvania, United States","Harrisburg Transportation Center, Harrisburg, Pennsylvanie, Etats Unis",Harrisburg Transportation Center,Harrisburg Transportation Center,Harrisburg,Harrisburg,Pennsylvania,United States,http://en.wikipedia.org/wiki/Harrisburg_Transportation_Center,http://tools.wmflabs.org/geohack/geohack.php?pagename=Harrisburg_Transportation_Center&params=40_15_43_N_76_52_40_W_region:US-PA_type:landmark,"40,261944","-76,877778"
ZVE,"Union Station, New Haven, Connecticut, United States","Gare de New Haven-Union, New Haven, Connecticut, Etats Unis",New Haven-Union Station,Gare de New Haven-Union,New Haven,New Haven,Connecticut,United States,http://en.wikipedia.org/wiki/Union_Station_%28New_Haven%29,http://tools.wmflabs.org/geohack/geohack.php?pagename=Union_Station_%28New_Haven%29&params=41_17_51_N_72_55_37_W_region:US-CT_type:railwaystation,"41,2975","-72,926944"
ZVM,"Hannover Messe Bahnhof, Hannover, Germany","Gare Hannover-Messe, Hannover, Allemagne",Hannover-Messe Railway staion,Gare Hannover-Messe,Hannover,Hannover,,Germany,http://en.wikipedia.org/wiki/Hannover_Messe/Laatzen_station,http://tools.wmflabs.org/geohack/geohack.php?pagename=Hannover_Messe%2FLaatzen_station&params=52_19_02_N_9_47_33_E_region:DE-NI_type:railwaystation,"52,317222","9,7925"
ZVR,"Hannover Hauptbahnhof, Hannover, Germany","Gare centrale d'Hannover, Hannover, Allemagne",Hannover-Central Railway station,Gare centrale d'Hannover,Hannover,Hannover,,Germany,http://en.wikipedia.org/wiki/Hannover_Hauptbahnhof,http://tools.wmflabs.org/geohack/geohack.php?pagename=Hannover_Hauptbahnhof&params=52_22_38_N_9_44_30_E_region:DE-NI_type:railwaystation,"52,377222","9,741667"
ZWC,"Stavanger station, Stavanger, Norway","Gare de Stavanger, Stavanger, Norvège",Stavanger station,Gare de Stavanger,Stavanger,Stavanger,,Norway,http://en.wikipedia.org/wiki/Stavanger_Station,http://tools.wmflabs.org/geohack/geohack.php?pagename=Stavanger_Station&params=58.9669_N_5.7320_E_type:railwaystation_region:NO,"58,9669","5,732"
ZWE,"Antwerpen-Centraal railway station, Antwerp, Belgium","Gare centrale d'Antwerp, Antwerp, Belgique",Antwerpen-Centraal railway station,Gare centrale d'Antwerp,Antwerp,Antwerp,,Belgium,http://en.wikipedia.org/wiki/Antwerpen-Centraal_railway_station,http://tools.wmflabs.org/geohack/geohack.php?pagename=Antwerpen-Centraal_railway_station&params=51_13_02_N_4_25_16_E_region:BE_type:railwaystation_source:dewiki,"51,217222","4,421111"
ZWI,"Wilmington Station, Wilmington, Delaware, United States","Gare de Wilmington, Wilmington, Delaware, Etats Unis",Wilmington Station,Gare de Wilmington,Wilmington,Wilmington,Delaware,United States,http://en.wikipedia.org/wiki/Wilmington_Station,http://tools.wmflabs.org/geohack/geohack.php?pagename=Wilmington_Station&params=39_44_12_N_75_33_6_W_region:US-DE_type:railwaystation,"39,736667","-75,551667"
ZWS,"Stuttgart Hauptbahnhof, Stuttgart, Germany","Gare centrale de Stuttgart, Stuttgart, Allemage",Stuttgart-Central Railway station,Gare centrale de Stuttgart,Stuttgart,Stuttgart,,Germany,http://en.wikipedia.org/wiki/Stuttgart_Hauptbahnhof,http://tools.wmflabs.org/geohack/geohack.php?pagename=Stuttgart_Hauptbahnhof&params=48_47_02_N_9_10_54_E_region:DE-BW_type:railwaystation,"48,783889","9,181667"
ZWU,"Union Station, Washington D.C., United States","Gare de Washington-Union, Washington D.C. ,Etats Unis",Union Station,Gare de Washington-Union,Washington D.C.,Washington D.C.,District of Columbia,United States,"http://en.wikipedia.org/wiki/Union_Station_%28Washington,_D.C.%29",http://tools.wmflabs.org/geohack/geohack.php?pagename=Union_Station_%28Washington%2C_D.C.%29&params=38.89731_N_-77.00626_E_type:railwaystation_region:US-DC,"38,89731","-77,00626"
ZXA,"Aberdeen railway station, Aberdeen, Scotland, United Kingdom","Gare d'Aberdeen, Aberdeen, Ecosse, Royaume Uni",Aberdeen railway station,Gare d'Aberdeen,Aberdeen,Aberdeen,Scotland,United Kingdom,http://en.wikipedia.org/wiki/Aberdeen_railway_station,http://tools.wmflabs.org/geohack/geohack.php?pagename=Aberdeen_railway_station&params=57.1436_N_-2.0985_E_type:railwaystation_region:GB_scale:10000,"57,1436","-2,0985"
ZXE,"Edinburgh Waverley railway station, Edinburgh, Scotland, United Kingdom","Gare ferrovaire d'Edinburgh-Waverley, Edinburgh, Ecosse, Royaume uni",Edinburgh Waverley railway station,Gare d'Edinburgh-Waverley,Edinburgh,Edinburgh,Scotland,United Kingdom,http://en.wikipedia.org/wiki/Edinburgh_Waverley_railway_station,http://tools.wmflabs.org/geohack/geohack.php?pagename=Edinburgh_Waverley_railway_station&params=55.952089_N_-3.189262_E_type:railwaystation_region:GB_scale:10000,"55,952089","-3,189262"
ZXS,"Buffalo-Exchange Street Station, Buffalo, New York, United States","Gare de Buffalo-Exchange Street, Buffalo, New York, Etats Unis",Buffalo-Exchange Street Station,Gare de Buffalo-Exchange Street,Buffalo,Buffalo,New York, United States,http://en.wikipedia.org/wiki/Buffalo_%E2%80%93_Exchange_Street_%28Amtrak_station%29,http://tools.wmflabs.org/geohack/geohack.php?pagename=Buffalo_%E2%80%93_Exchange_Street_%28Amtrak_station%29&params=42.8783_N_-78.8738_E_type:railwaystation_region:US-NY,"42,8783","-78,8738"
ZYA,"Amsterdam Centraal railway station, Amsterdam, The Netherlands","Gare Amsterdam-central, Amsterdam, Pays bas",Amsterdam Centraal railway station,Gare Amsterdam-central,Amsterdam,Amsterdam,,The Netherlands,http://en.wikipedia.org/wiki/Amsterdam_Centraal_railway_station,http://tools.wmflabs.org/geohack/geohack.php?pagename=Amsterdam_Centraal_railway_station&params=52_22_42_N_4_54_0_E_type:railwaystation_region:NL,"52,378333","4,9"
ZYN,"Nîmes railway station, Nîmes, Languedoc-Roussillon, France","Gare de Nîmes, Nîmes, Languedoc-Roussillon, France",Nîmes railway station,Gare de Nîmes,Nîmes,Nîmes,Languedoc-Roussillon,France,http://en.wikipedia.org/wiki/Gare_de_N%C3%AEmes,http://tools.wmflabs.org/geohack/geohack.php?pagename=Gare_de_N%C3%AEmes&params=43_49_57_N_4_21_59_E_type:railwaystation_region:FR-K,"43,8325","4,366389"
ZYP,"Pennsylvania Station, New York City, New York, United States","Gare Pennsylvania, New York City, New York, Etats Unis",Pennsylvania Station,Gare Pennsylvania,New York City,New York City,New York,United States,http://en.wikipedia.org/wiki/Pennsylvania_Station_%28New_York_City%29,http://tools.wmflabs.org/geohack/geohack.php?pagename=Pennsylvania_Station_%28New_York_City%29&params=40.750638_N_73.993899_W_type:railwaystation_region:US-NY_scale:10000,"40,750638","-73,993899"
ZYQ,"Syracuse Railway staion (Amtrak station), Syracuse, New York, United States (inside William F. Walsh Regional Transportation Center)","Gare de Syracuse (Gare Amtrak), Syracuse, New York, Etats Unis (à l'interieur du centre régional de transport William F. Walsh)",Syracuse Railway station (Amtrak),Gare de Syracuse (Gare Amtrak),Syracuse,Syracuse,New York,United States,http://en.wikipedia.org/wiki/William_F._Walsh_Regional_Transportation_Center,http://tools.wmflabs.org/geohack/geohack.php?pagename=William_F._Walsh_Regional_Transportation_Center&params=43.0767_N_76.1691_W_type:railwaystation_region:US-NY_scale:10000,"43,0767","-76,1691"
ZYR,"Brussels-South railway station [Midi/Zuid], Brussels, Belgium","Gare ferrovaire de Buxelles-midi, Buxelles, Belgique",Brussels-South railway station [Midi/Zuid],Gare ferrovaire de Buxelles-midi,Brussels,Buxelles,,Belgium,http://en.wikipedia.org/wiki/Brussels-South_railway_station,http://tools.wmflabs.org/geohack/geohack.php?pagename=Brussels-South_railway_station&params=50.835161_N_4.335222_E_type:railwaystation_region:BE,"50,835161","4,335222"
ZYZ,"Berchem railway station, Antwerp, Belgium","Gare Ferroviaire Berchem, Antwerp, Belgique",Berchem railway station,Gare Ferroviaire Berchem,Antwerp,Antwerp,,Belgium,http://en.wikipedia.org/wiki/Antwerpen-Berchem_railway_station,http://tools.wmflabs.org/geohack/geohack.php?pagename=Antwerpen-Berchem_railway_station&params=51_11_57_N_4_25_59_E_type:railwaystation_region:BE,"51,199167","4,433056"
